Workbook
Name REGIONES: Listas_Validacion!$A$3:$A$12
Name ESTADOS: Listas_Validacion!$C$3:$C$8
Name CAUSALES: Listas_Validacion!$E$3:$E$9
Name ESTATUS_ACTA: Listas_Validacion!$G$3:$G$4

Sheet Guia_Diligenciamiento
A1: GUÍA DE DILIGENCIAMIENTO — BITÁCORA DIARIA DE MANTENIMIENTOS Y AUDITORÍA DE CALIDAD
A2: Esta bitácora es el INSUMO del tablero de control (dashboard). El plan maestro (825 registros) viene del cronograma preventivo; la alimenta el equipo de calidad (PMU COLSOF) con el estado real de cada mantenimiento. Las columnas grises (N-Q, W y X) se calculan solas: NO se editan.
A4: 0 · CÓMO SE AUTOREGISTRA LA SEDE (SBAN)
A5: En la columna A escriba el SBAN de la oficina (el identificador único del cronograma). Nombre_Oficina, Municipio, Departamento, Región y Horario se llenan SOLOS desde la pestaña Cronograma_Maestro. Si queda vacío, el SBAN no existe en el cronograma: revíselo.
A7: 0B · FECHAS SIN ERRORES
A8: Fechas en DÍA/MES/AÑO: 05/04/2026 = 5 de ABRIL. Las celdas muestran dd/mm/aaaa y RECHAZAN fechas inválidas, fuera de rango (2026-2031) o valores que queden como texto. Prefiera el CALENDARIO nativo (icono al seleccionar la celda).
A9: Cada fila tiene un CHEQUEO automático (columna W): OK = coherentes; REVISAR = hay una inconsistencia (fin < inicio, cierre < inicio real, cierre admin < cierre operativo). Corrija antes de cerrar.
A11: 1 · FLUJO DEL MANTENIMIENTO
A12: Programada → En Proceso → Finalizada → Sede_Cerrada (cerrada por calidad)
A13: Desvíos: Programada → Reprogramada (con nueva fecha y causal) | Cualquier estado → Cancelada
A15: 2 · ¿QUÉ DILIGENCIAR EN CADA MOMENTO?
A16: Momento | B16: Columnas | C16: Qué hacer
A17: Al programar | B17: A (SBAN), L | C17: Escribir el SBAN (el resto se autocompleta) y Estado = Programada
A18: Al llegar a la sede | B18: J | C18: Fecha_Inicio_Real y Estado = En Proceso
A19: Al terminar en campo | B19: K, L, R, V | C19: Fecha_Cierre_Operativo, Estado = Finalizada, causal si se desvió, observaciones
A20: Al reprogramar | B20: M, L, R | C20: Nueva fecha (M), Estado = Reprogramada y causal
A21: Al cerrar por calidad | B21: S, T, L, U | C21: Acta Firmada, fecha de firma, Estado = Sede_Cerrada, cantidad de equipos
A23: 3 · DECISIÓN POR ESTADO
A24: Estado | B24: Exige | C24: Permite cerrar con
A25: Finalizada | B25: Fecha_Cierre_Operativo (K) | C25: No: falta firma de calidad
A26: Sede_Cerrada | B26: Acta FIRMADA (S) + fecha de firma (T) | C26: Sí: ejecutada y cerrada
A27: Reprogramada | B27: Nueva fecha (M) + causal (R) | C27: No: pasa a pendiente con nueva fecha
A28: Cancelada | B28: — | C28: No: no cuenta en cumplimiento
A30: 4 · CAMPOS POR GRUPO (MOUSE SOBRE LOS ENCABEZADOS = NOTA)
A31: Grupo | B31: Columnas | C31: Contenido
A32: 1 · Identificación (azul oscuro) | B32: A-E | C32: SBAN (clave) + oficina/municipio/depto/región autocompletados
A33: 2 · Programación (azul) | B33: F-I | C33: Técnicos (calidad = PMU COLSOF) y fechas programadas
A34: 3 · Ejecución (verde azulado) | B34: J-M | C34: Fechas reales y estado
A35: 4 · Cálculo automático (gris) | B35: N-Q | C35: Cumplimiento y desviación: NO EDITAR
A36: 5 · Calidad, cierre y horario (verde) | B36: R-X | C36: Causal, acta, cierre, equipos, observaciones, chequeo y horario
A38: 5 · REGLAS IMPORTANTES
A39: • El SBAN es la llave única: si no está en el cronograma, la fila no se autocompleta (revíselo).
A40: • Fechas SIEMPRE en DÍA/MES/AÑO; use el calendario. La celda rechaza inválidas o texto.
A41: • El acta tiene 2 opciones: Pendiente Firma o Firmada. Para cerrar, debe quedar FIRMADA.
A42: • Causal: Repuesto Faltante · Director Oficina No Disponible · Clima · Falla Técnica · Reprogramación Cliente · Logística/Acceso. Si cumplió: N/A - A Tiempo.
A43: • Si Estado = Reprogramada, el Excel EXIGE Fecha_Nueva_Programada.
A44: • Calidad es PMU COLSOF (columna G fija). Columnas grises N-Q, W y X: no editar.
A45: • Si necesita más filas: copie una fila en blanco y péguela debajo (mantiene fórmulas y listas).
A47: 6 · ¿CÓMO SE ACTUALIZA EL DASHBOARD?
A48: 1) Guarde este archivo. 2) Súbalo al repositorio (commit + push o arrastre en GitHub). 3) GitHub Actions regenera los datos (o diario a las 06:00 CO) y Vercel publica en ~2 min. El tablero NUNCA se apaga.
A49: Nota: para desproteger la hoja: Revisar → Desproteger hoja (sin contraseña).

Sheet Bitacora_Diaria
A1: SBAN | B1: Nombre_Oficina | C1: Municipio | D1: Departamento | E1: Region | F1: Tecnico_Operativo | G1: Tecnico_Calidad | H1: Fecha_Programada_Inicio | I1: Fecha_Programada_Fin | J1: Fecha_Inicio_Real | K1: Fecha_Cierre_Operativo | L1: Estado_Mantenimiento | M1: Fecha_Nueva_Programada | N1: Cumpli_Ingreso | O1: Cumpli_Salida | P1: Cumpli_Cronograma | Q1: Dias_Desviacion | R1: Causal_Desviacion | S1: Estatus_Acta | T1: Fecha_Cierre_Administrativo | U1: Cantidad_Equipos | V1: Observaciones_Calidad | W1: Chequeo_Fechas | X1: Horario_Atencion
A2: 10 | B2: =SI([@SBAN]="";"";BUSCARV([@SBAN];Cronograma_Maestro!$A:$M;2;FALSO)) | C2: =SI([@SBAN]="";"";BUSCARV([@SBAN];Cronograma_Maestro!$A:$M;3;FALSO)) | D2: =SI([@SBAN]="";"";BUSCARV([@SBAN];Cronograma_Maestro!$A:$M;4;FALSO)) | E2: =SI([@SBAN]="";"";BUSCARV([@SBAN];Cronograma_Maestro!$A:$M;5;FALSO)) | F2: Anderson Forero Mora | G2: PMU COLSOF | H2: 46302 | I2: 46304 | L2: Programada | N2: =SI(O([@[Fecha_Programada_Inicio]]="";[@[Fecha_Inicio_Real]]="");"";SI([@[Fecha_Inicio_Real]]<=[@[Fecha_Programada_Inicio]];"SÍ";"NO")) | O2: =SI(O([@[Fecha_Programada_Fin]]="";[@[Fecha_Cierre_Operativo]]="");"";SI([@[Fecha_Cierre_Operativo]]<=SI([@[Fecha_Nueva_Programada]]<>"";[@[Fecha_Nueva_Programada]];[@[Fecha_Programada_Fin]]);"SÍ";"NO")) | P2: =SI(O([@[Cumpli_Ingreso]]="";[@[Cumpli_Salida]]="");"";SI(Y([@[Cumpli_Ingreso]]="SÍ";[@[Cumpli_Salida]]="SÍ");"SÍ";"NO")) | Q2: =SI(O([@[Fecha_Programada_Fin]]="";[@[Fecha_Cierre_Operativo]]="");"";MAX(0;ENTERO([@[Fecha_Cierre_Operativo]])-ENTERO(SI([@[Fecha_Nueva_Programada]]<>"";[@[Fecha_Nueva_Programada]];[@[Fecha_Programada_Fin]]))) | U2: 56 | W2: =SI.ERROR(SI(O([@[Fecha_Programada_Inicio]]="";[@[Fecha_Programada_Fin]]="");"";SI(Y([@[Fecha_Programada_Fin]]>=[@[Fecha_Programada_Inicio]];SI([@[Fecha_Cierre_Operativo]]="";VERDADERO;[@[Fecha_Cierre_Operativo]]>=[@[Fecha_Inicio_Real]]);SI([@[Fecha_Cierre_Administrativo]]="";VERDADERO;Y([@[Fecha_Cierre_Operativo]]<>"";[@[Fecha_Cierre_Administrativo]]>=[@[Fecha_Cierre_Operativo]])));"OK";"REVISAR"));"REVISAR") | X2: =SI([@SBAN]="";"";BUSCARV([@SBAN];Cronograma_Maestro!$A:$M;6;FALSO))
A3: 20 | B3: =SI([@SBAN]="";"";BUSCARV([@SBAN];Cronograma_Maestro!$A:$M;2;FALSO)) | C3: =SI([@SBAN]="";"";BUSCARV([@SBAN];Cronograma_Maestro!$A:$M;3;FALSO)) | D3: =SI([@SBAN]="";"";BUSCARV([@SBAN];Cronograma_Maestro!$A:$M;4;FALSO)) | E3: =SI([@SBAN]="";"";BUSCARV([@SBAN];Cronograma_Maestro!$A:$M;5;FALSO)) | F3: Anderson Forero Mora | G3: PMU COLSOF | H3: 46300 | I3: 46301 | L3: Programada | N3: =SI(O([@[Fecha_Programada_Inicio]]="";[@[Fecha_Inicio_Real]]="");"";SI([@[Fecha_Inicio_Real]]<=[@[Fecha_Programada_Inicio]];"SÍ";"NO")) | O3: =SI(O([@[Fecha_Programada_Fin]]="";[@[Fecha_Cierre_Operativo]]="");"";SI([@[Fecha_Cierre_Operativo]]<=SI([@[Fecha_Nueva_Programada]]<>"";[@[Fecha_Nueva_Programada]];[@[Fecha_Programada_Fin]]);"SÍ";"NO")) | P3: =SI(O([@[Cumpli_Ingreso]]="";[@[Cumpli_Salida]]="");"";SI(Y([@[Cumpli_Ingreso]]="SÍ";[@[Cumpli_Salida]]="SÍ");"SÍ";"NO")) | Q3: =SI(O([@[Fecha_Programada_Fin]]="";[@[Fecha_Cierre_Operativo]]="");"";MAX(0;ENTERO([@[Fecha_Cierre_Operativo]])-ENTERO(SI([@[Fecha_Nueva_Programada]]<>"";[@[Fecha_Nueva_Programada]];[@[Fecha_Programada_Fin]]))) | U3: 28 | W3: =SI.ERROR(SI(O([@[Fecha_Programada_Inicio]]="";[@[Fecha_Programada_Fin]]="");"";SI(Y([@[Fecha_Programada_Fin]]>=[@[Fecha_Programada_Inicio]];SI([@[Fecha_Cierre_Operativo]]="";VERDADERO;[@[Fecha_Cierre_Operativo]]>=[@[Fecha_Inicio_Real]]);SI([@[Fecha_Cierre_Administrativo]]="";VERDADERO;Y([@[Fecha_Cierre_Operativo]]<>"";[@[Fecha_Cierre_Administrativo]]>=[@[Fecha_Cierre_Operativo]])));"OK";"REVISAR"));"REVISAR") | X3: =SI([@SBAN]="";"";BUSCARV([@SBAN];Cronograma_Maestro!$A:$M;6;FALSO))
A4: 70 | B4: =SI([@SBAN]="";"";BUSCARV([@SBAN];Cronograma_Maestro!$A:$M;2;FALSO)) | C4: =SI([@SBAN]="";"";BUSCARV([@SBAN];Cronograma_Maestro!$A:$M;3;FALSO)) | D4: =SI([@SBAN]="";"";BUSCARV([@SBAN];Cronograma_Maestro!$A:$M;4;FALSO)) | E4: =SI([@SBAN]="";"";BUSCARV([@SBAN];Cronograma_Maestro!$A:$M;5;FALSO)) | F4: Anderson Forero Mora | G4: PMU COLSOF | H4: 46293 | I4: 46295 | L4: Programada | N4: =SI(O([@[Fecha_Programada_Inicio]]="";[@[Fecha_Inicio_Real]]="");"";SI([@[Fecha_Inicio_Real]]<=[@[Fecha_Programada_Inicio]];"SÍ";"NO")) | O4: =SI(O([@[Fecha_Programada_Fin]]="";[@[Fecha_Cierre_Operativo]]="");"";SI([@[Fecha_Cierre_Operativo]]<=SI([@[Fecha_Nueva_Programada]]<>"";[@[Fecha_Nueva_Programada]];[@[Fecha_Programada_Fin]]);"SÍ";"NO")) | P4: =SI(O([@[Cumpli_Ingreso]]="";[@[Cumpli_Salida]]="");"";SI(Y([@[Cumpli_Ingreso]]="SÍ";[@[Cumpli_Salida]]="SÍ");"SÍ";"NO")) | Q4: =SI(O([@[Fecha_Programada_Fin]]="";[@[Fecha_Cierre_Operativo]]="");"";MAX(0;ENTERO([@[Fecha_Cierre_Operativo]])-ENTERO(SI([@[Fecha_Nueva_Programada]]<>"";[@[Fecha_Nueva_Programada]];[@[Fecha_Programada_Fin]]))) | U4: 45 | W4: =SI.ERROR(SI(O([@[Fecha_Programada_Inicio]]="";[@[Fecha_Programada_Fin]]="");"";SI(Y([@[Fecha_Programada_Fin]]>=[@[Fecha_Programada_Inicio]];SI([@[Fecha_Cierre_Operativo]]="";VERDADERO;[@[Fecha_Cierre_Operativo]]>=[@[Fecha_Inicio_Real]]);SI([@[Fecha_Cierre_Administrativo]]="";VERDADERO;Y([@[Fecha_Cierre_Operativo]]<>"";[@[Fecha_Cierre_Administrativo]]>=[@[Fecha_Cierre_Operativo]])));"OK";"REVISAR"));"REVISAR") | X4: =SI([@SBAN]="";"";BUSCARV([@SBAN];Cronograma_Maestro!$A:$M;6;FALSO))
A5: 230 | B5: =SI([@SBAN]="";"";BUSCARV([@SBAN];Cronograma_Maestro!$A:$M;2;FALSO)) | C5: =SI([@SBAN]="";"";BUSCARV([@SBAN];Cronograma_Maestro!$A:$M;3;FALSO)) | D5: =SI([@SBAN]="";"";BUSCARV([@SBAN];Cronograma_Maestro!$A:$M;4;FALSO)) | E5: =SI([@SBAN]="";"";BUSCARV([@SBAN];Cronograma_Maestro!$A:$M;5;FALSO)) | F5: Anderson Forero Mora | G5: PMU COLSOF | H5: 46321 | I5: 46321 | L5: Programada | N5: =SI(O([@[Fecha_Programada_Inicio]]="";[@[Fecha_Inicio_Real]]="");"";SI([@[Fecha_Inicio_Real]]<=[@[Fecha_Programada_Inicio]];"SÍ";"NO")) | O5: =SI(O([@[Fecha_Programada_Fin]]="";[@[Fecha_Cierre_Operativo]]="");"";SI([@[Fecha_Cierre_Operativo]]<=SI([@[Fecha_Nueva_Programada]]<>"";[@[Fecha_Nueva_Programada]];[@[Fecha_Programada_Fin]]);"SÍ";"NO")) | P5: =SI(O([@[Cumpli_Ingreso]]="";[@[Cumpli_Salida]]="");"";SI(Y([@[Cumpli_Ingreso]]="SÍ";[@[Cumpli_Salida]]="SÍ");"SÍ";"NO")) | Q5: =SI(O([@[Fecha_Programada_Fin]]="";[@[Fecha_Cierre_Operativo]]="");"";MAX(0;ENTERO([@[Fecha_Cierre_Operativo]])-ENTERO(SI([@[Fecha_Nueva_Programada]]<>"";[@[Fecha_Nueva_Programada]];[@[Fecha_Programada_Fin]]))) | U5: 25 | W5: =SI.ERROR(SI(O([@[Fecha_Programada_Inicio]]="";[@[Fecha_Programada_Fin]]="");"";SI(Y([@[Fecha_Programada_Fin]]>=[@[Fecha_Programada_Inicio]];SI([@[Fecha_Cierre_Operativo]]="";VERDADERO;[@[Fecha_Cierre_Operativo]]>=[@[Fecha_Inicio_Real]]);SI([@[Fecha_Cierre_Administrativo]]="";VERDADERO;Y([@[Fecha_Cierre_Operativo]]<>"";[@[Fecha_Cierre_Administrativo]]>=[@[Fecha_Cierre_Operativo]])));"OK";"REVISAR"));"REVISAR") | X5: =SI([@SBAN]="";"";BUSCARV([@SBAN];Cronograma_Maestro!$A:$M;6;FALSO))
A6: 250 | B6: =SI([@SBAN]="";"";BUSCARV([@SBAN];Cronograma_Maestro!$A:$M;2;FALSO)) | C6: =SI([@SBAN]="";"";BUSCARV([@SBAN];Cronograma_Maestro!$A:$M;3;FALSO)) | D6: =SI([@SBAN]="";"";BUSCARV([@SBAN];Cronograma_Maestro!$A:$M;4;FALSO)) | E6: =SI([@SBAN]="";"";BUSCARV([@SBAN];Cronograma_Maestro!$A:$M;5;FALSO)) | F6: Anderson Forero Mora | G6: PMU COLSOF | H6: 46316 | I6: 46316 | L6: Programada | N6: =SI(O([@[Fecha_Programada_Inicio]]="";[@[Fecha_Inicio_Real]]="");"";SI([@[Fecha_Inicio_Real]]<=[@[Fecha_Programada_Inicio]];"SÍ";"NO")) | O6: =SI(O([@[Fecha_Programada_Fin]]="";[@[Fecha_Cierre_Operativo]]="");"";SI([@[Fecha_Cierre_Operativo]]<=SI([@[Fecha_Nueva_Programada]]<>"";[@[Fecha_Nueva_Programada]];[@[Fecha_Programada_Fin]]);"SÍ";"NO")) | P6: =SI(O([@[Cumpli_Ingreso]]="";[@[Cumpli_Salida]]="");"";SI(Y([@[Cumpli_Ingreso]]="SÍ";[@[Cumpli_Salida]]="SÍ");"SÍ";"NO")) | Q6: =SI(O([@[Fecha_Programada_Fin]]="";[@[Fecha_Cierre_Operativo]]="");"";MAX(0;ENTERO([@[Fecha_Cierre_Operativo]])-ENTERO(SI([@[Fecha_Nueva_Programada]]<>"";[@[Fecha_Nueva_Programada]];[@[Fecha_Programada_Fin]]))) | U6: 19 | W6: =SI.ERROR(SI(O([@[Fecha_Programada_Inicio]]="";[@[Fecha_Programada_Fin]]="");"";SI(Y([@[Fecha_Programada_Fin]]>=[@[Fecha_Programada_Inicio]];SI([@[Fecha_Cierre_Operativo]]="";VERDADERO;[@[Fecha_Cierre_Operativo]]>=[@[Fecha_Inicio_Real]]);SI([@[Fecha_Cierre_Administrativo]]="";VERDADERO;Y([@[Fecha_Cierre_Operativo]]<>"";[@[Fecha_Cierre_Administrativo]]>=[@[Fecha_Cierre_Operativo]])));"OK";"REVISAR"));"REVISAR") | X6: =SI([@SBAN]="";"";BUSCARV([@SBAN];Cronograma_Maestro!$A:$M;6;FALSO))
A7: 260 | B7: =SI([@SBAN]="";"";BUSCARV([@SBAN];Cronograma_Maestro!$A:$M;2;FALSO)) | C7: =SI([@SBAN]="";"";BUSCARV([@SBAN];Cronograma_Maestro!$A:$M;3;FALSO)) | D7: =SI([@SBAN]="";"";BUSCARV([@SBAN];Cronograma_Maestro!$A:$M;4;FALSO)) | E7: =SI([@SBAN]="";"";BUSCARV([@SBAN];Cronograma_Maestro!$A:$M;5;FALSO)) | F7: Anderson Forero Mora | G7: PMU COLSOF | H7: 46308 | I7: 46309 | L7: Programada | N7: =SI(O([@[Fecha_Programada_Inicio]]="";[@[Fecha_Inicio_Real]]="");"";SI([@[Fecha_Inicio_Real]]<=[@[Fecha_Programada_Inicio]];"SÍ";"NO")) | O7: =SI(O([@[Fecha_Programada_Fin]]="";[@[Fecha_Cierre_Operativo]]="");"";SI([@[Fecha_Cierre_Operativo]]<=SI([@[Fecha_Nueva_Programada]]<>"";[@[Fecha_Nueva_Programada]];[@[Fecha_Programada_Fin]]);"SÍ";"NO")) | P7: =SI(O([@[Cumpli_Ingreso]]="";[@[Cumpli_Salida]]="");"";SI(Y([@[Cumpli_Ingreso]]="SÍ";[@[Cumpli_Salida]]="SÍ");"SÍ";"NO")) | Q7: =SI(O([@[Fecha_Programada_Fin]]="";[@[Fecha_Cierre_Operativo]]="");"";MAX(0;ENTERO([@[Fecha_Cierre_Operativo]])-ENTERO(SI([@[Fecha_Nueva_Programada]]<>"";[@[Fecha_Nueva_Programada]];[@[Fecha_Programada_Fin]]))) | U7: 37 | W7: =SI.ERROR(SI(O([@[Fecha_Programada_Inicio]]="";[@[Fecha_Programada_Fin]]="");"";SI(Y([@[Fecha_Programada_Fin]]>=[@[Fecha_Programada_Inicio]];SI([@[Fecha_Cierre_Operativo]]="";VERDADERO;[@[Fecha_Cierre_Operativo]]>=[@[Fecha_Inicio_Real]]);SI([@[Fecha_Cierre_Administrativo]]="";VERDADERO;Y([@[Fecha_Cierre_Operativo]]<>"";[@[Fecha_Cierre_Administrativo]]>=[@[Fecha_Cierre_Operativo]])));"OK";"REVISAR"));"REVISAR") | X7: =SI([@SBAN]="";"";BUSCARV([@SBAN];Cronograma_Maestro!$A:$M;6;FALSO))
A8: 280 | B8: =SI([@SBAN]="";"";BUSCARV([@SBAN];Cronograma_Maestro!$A:$M;2;FALSO)) | C8: =SI([@SBAN]="";"";BUSCARV([@SBAN];Cronograma_Maestro!$A:$M;3;FALSO)) | D8: =SI([@SBAN]="";"";BUSCARV([@SBAN];Cronograma_Maestro!$A:$M;4;FALSO)) | E8: =SI([@SBAN]="";"";BUSCARV([@SBAN];Cronograma_Maestro!$A:$M;5;FALSO)) | F8: Anderson Forero Mora | G8: PMU COLSOF | H8: 46297 | I8: 46297 | L8: Programada | N8: =SI(O([@[Fecha_Programada_Inicio]]="";[@[Fecha_Inicio_Real]]="");"";SI([@[Fecha_Inicio_Real]]<=[@[Fecha_Programada_Inicio]];"SÍ";"NO")) | O8: =SI(O([@[Fecha_Programada_Fin]]="";[@[Fecha_Cierre_Operativo]]="");"";SI([@[Fecha_Cierre_Operativo]]<=SI([@[Fecha_Nueva_Programada]]<>"";[@[Fecha_Nueva_Programada]];[@[Fecha_Programada_Fin]]);"SÍ";"NO")) | P8: =SI(O([@[Cumpli_Ingreso]]="";[@[Cumpli_Salida]]="");"";SI(Y([@[Cumpli_Ingreso]]="SÍ";[@[Cumpli_Salida]]="SÍ");"SÍ";"NO")) | Q8: =SI(O([@[Fecha_Programada_Fin]]="";[@[Fecha_Cierre_Operativo]]="");"";MAX(0;ENTERO([@[Fecha_Cierre_Operativo]])-ENTERO(SI([@[Fecha_Nueva_Programada]]<>"";[@[Fecha_Nueva_Programada]];[@[Fecha_Programada_Fin]]))) | U8: 16 | W8: =SI.ERROR(SI(O([@[Fecha_Programada_Inicio]]="";[@[Fecha_Programada_Fin]]="");"";SI(Y([@[Fecha_Programada_Fin]]>=[@[Fecha_Programada_Inicio]];SI([@[Fecha_Cierre_Operativo]]="";VERDADERO;[@[Fecha_Cierre_Operativo]]>=[@[Fecha_Inicio_Real]]);SI([@[Fecha_Cierre_Administrativo]]="";VERDADERO;Y([@[Fecha_Cierre_Operativo]]<>"";[@[Fecha_Cierre_Administrativo]]>=[@[Fecha_Cierre_Operativo]])));"OK";"REVISAR"));"REVISAR") | X8: =SI([@SBAN]="";"";BUSCARV([@SBAN];Cronograma_Maestro!$A:$M;6;FALSO))
A9: 290 | B9: =SI([@SBAN]="";"";BUSCARV([@SBAN];Cronograma_Maestro!$A:$M;2;FALSO)) | C9: =SI([@SBAN]="";"";BUSCARV([@SBAN];Cronograma_Maestro!$A:$M;3;FALSO)) | D9: =SI([@SBAN]="";"";BUSCARV([@SBAN];Cronograma_Maestro!$A:$M;4;FALSO)) | E9: =SI([@SBAN]="";"";BUSCARV([@SBAN];Cronograma_Maestro!$A:$M;5;FALSO)) | F9: Edwin Santiago Cuchivaguen Diaz | G9: PMU COLSOF | H9: 46273 | I9: 46273 | L9: Programada | N9: =SI(O([@[Fecha_Programada_Inicio]]="";[@[Fecha_Inicio_Real]]="");"";SI([@[Fecha_Inicio_Real]]<=[@[Fecha_Programada_Inicio]];"SÍ";"NO")) | O9: =SI(O([@[Fecha_Programada_Fin]]="";[@[Fecha_Cierre_Operativo]]="");"";SI([@[Fecha_Cierre_Operativo]]<=SI([@[Fecha_Nueva_Programada]]<>"";[@[Fecha_Nueva_Programada]];[@[Fecha_Programada_Fin]]);"SÍ";"NO")) | P9: =SI(O([@[Cumpli_Ingreso]]="";[@[Cumpli_Salida]]="");"";SI(Y([@[Cumpli_Ingreso]]="SÍ";[@[Cumpli_Salida]]="SÍ");"SÍ";"NO")) | Q9: =SI(O([@[Fecha_Programada_Fin]]="";[@[Fecha_Cierre_Operativo]]="");"";MAX(0;ENTERO([@[Fecha_Cierre_Operativo]])-ENTERO(SI([@[Fecha_Nueva_Programada]]<>"";[@[Fecha_Nueva_Programada]];[@[Fecha_Programada_Fin]]))) | U9: 32 | W9: =SI.ERROR(SI(O([@[Fecha_Programada_Inicio]]="";[@[Fecha_Programada_Fin]]="");"";SI(Y([@[Fecha_Programada_Fin]]>=[@[Fecha_Programada_Inicio]];SI([@[Fecha_Cierre_Operativo]]="";VERDADERO;[@[Fecha_Cierre_Operativo]]>=[@[Fecha_Inicio_Real]]);SI([@[Fecha_Cierre_Administrativo]]="";VERDADERO;Y([@[Fecha_Cierre_Operativo]]<>"";[@[Fecha_Cierre_Administrativo]]>=[@[Fecha_Cierre_Operativo]])));"OK";"REVISAR"));"REVISAR") | X9: =SI([@SBAN]="";"";BUSCARV([@SBAN];Cronograma_Maestro!$A:$M;6;FALSO))
A10: 360 | B10: =SI([@SBAN]="";"";BUSCARV([@SBAN];Cronograma_Maestro!$A:$M;2;FALSO)) | C10: =SI([@SBAN]="";"";BUSCARV([@SBAN];Cronograma_Maestro!$A:$M;3;FALSO)) | D10: =SI([@SBAN]="";"";BUSCARV([@SBAN];Cronograma_Maestro!$A:$M;4;FALSO)) | E10: =SI([@SBAN]="";"";BUSCARV([@SBAN];Cronograma_Maestro!$A:$M;5;FALSO)) | F10: Anderson Forero Mora | G10: PMU COLSOF | H10: 46318 | I10: 46318 | L10: Programada | N10: =SI(O([@[Fecha_Programada_Inicio]]="";[@[Fecha_Inicio_Real]]="");"";SI([@[Fecha_Inicio_Real]]<=[@[Fecha_Programada_Inicio]];"SÍ";"NO")) | O10: =SI(O([@[Fecha_Programada_Fin]]="";[@[Fecha_Cierre_Operativo]]="");"";SI([@[Fecha_Cierre_Operativo]]<=SI([@[Fecha_Nueva_Programada]]<>"";[@[Fecha_Nueva_Programada]];[@[Fecha_Programada_Fin]]);"SÍ";"NO")) | P10: =SI(O([@[Cumpli_Ingreso]]="";[@[Cumpli_Salida]]="");"";SI(Y([@[Cumpli_Ingreso]]="SÍ";[@[Cumpli_Salida]]="SÍ");"SÍ";"NO")) | Q10: =SI(O([@[Fecha_Programada_Fin]]="";[@[Fecha_Cierre_Operativo]]="");"";MAX(0;ENTERO([@[Fecha_Cierre_Operativo]])-ENTERO(SI([@[Fecha_Nueva_Programada]]<>"";[@[Fecha_Nueva_Programada]];[@[Fecha_Programada_Fin]]))) | U10: 23 | W10: =SI.ERROR(SI(O([@[Fecha_Programada_Inicio]]="";[@[Fecha_Programada_Fin]]="");"";SI(Y([@[Fecha_Programada_Fin]]>=[@[Fecha_Programada_Inicio]];SI([@[Fecha_Cierre_Operativo]]="";VERDADERO;[@[Fecha_Cierre_Operativo]]>=[@[Fecha_Inicio_Real]]);SI([@[Fecha_Cierre_Administrativo]]="";VERDADERO;Y([@[Fecha_Cierre_Operativo]]<>"";[@[Fecha_Cierre_Administrativo]]>=[@[Fecha_Cierre_Operativo]])));"OK";"REVISAR"));"REVISAR") | X10: =SI([@SBAN]="";"";BUSCARV([@SBAN];Cronograma_Maestro!$A:$M;6;FALSO))
A11: 590 | B11: =SI([@SBAN]="";"";BUSCARV([@SBAN];Cronograma_Maestro!$A:$M;2;FALSO)) | C11: =SI([@SBAN]="";"";BUSCARV([@SBAN];Cronograma_Maestro!$A:$M;3;FALSO)) | D11: =SI([@SBAN]="";"";BUSCARV([@SBAN];Cronograma_Maestro!$A:$M;4;FALSO)) | E11: =SI([@SBAN]="";"";BUSCARV([@SBAN];Cronograma_Maestro!$A:$M;5;FALSO)) | F11: Anderson Forero Mora | G11: PMU COLSOF | H11: 46310 | I11: 46311 | L11: Programada | N11: =SI(O([@[Fecha_Programada_Inicio]]="";[@[Fecha_Inicio_Real]]="");"";SI([@[Fecha_Inicio_Real]]<=[@[Fecha_Programada_Inicio]];"SÍ";"NO")) | O11: =SI(O([@[Fecha_Programada_Fin]]="";[@[Fecha_Cierre_Operativo]]="");"";SI([@[Fecha_Cierre_Operativo]]<=SI([@[Fecha_Nueva_Programada]]<>"";[@[Fecha_Nueva_Programada]];[@[Fecha_Programada_Fin]]);"SÍ";"NO")) | P11: =SI(O([@[Cumpli_Ingreso]]="";[@[Cumpli_Salida]]="");"";SI(Y([@[Cumpli_Ingreso]]="SÍ";[@[Cumpli_Salida]]="SÍ");"SÍ";"NO")) | Q11: =SI(O([@[Fecha_Programada_Fin]]="";[@[Fecha_Cierre_Operativo]]="");"";MAX(0;ENTERO([@[Fecha_Cierre_Operativo]])-ENTERO(SI([@[Fecha_Nueva_Programada]]<>"";[@[Fecha_Nueva_Programada]];[@[Fecha_Programada_Fin]]))) | U11: 32 | W11: =SI.ERROR(SI(O([@[Fecha_Programada_Inicio]]="";[@[Fecha_Programada_Fin]]="");"";SI(Y([@[Fecha_Programada_Fin]]>=[@[Fecha_Programada_Inicio]];SI([@[Fecha_Cierre_Operativo]]="";VERDADERO;[@[Fecha_Cierre_Operativo]]>=[@[Fecha_Inicio_Real]]);SI([@[Fecha_Cierre_Administrativo]]="";VERDADERO;Y([@[Fecha_Cierre_Operativo]]<>"";[@[Fecha_Cierre_Administrativo]]>=[@[Fecha_Cierre_Operativo]])));"OK";"REVISAR"));"REVISAR") | X11: =SI([@SBAN]="";"";BUSCARV([@SBAN];Cronograma_Maestro!$A:$M;6;FALSO))
A12: 700 | B12: =SI([@SBAN]="";"";BUSCARV([@SBAN];Cronograma_Maestro!$A:$M;2;FALSO)) | C12: =SI([@SBAN]="";"";BUSCARV([@SBAN];Cronograma_Maestro!$A:$M;3;FALSO)) | D12: =SI([@SBAN]="";"";BUSCARV([@SBAN];Cronograma_Maestro!$A:$M;4;FALSO)) | E12: =SI([@SBAN]="";"";BUSCARV([@SBAN];Cronograma_Maestro!$A:$M;5;FALSO)) | F12: Edwin Santiago Cuchivaguen Diaz | G12: PMU COLSOF | H12: 46280 | I12: 46280 | L12: Programada | N12: =SI(O([@[Fecha_Programada_Inicio]]="";[@[Fecha_Inicio_Real]]="");"";SI([@[Fecha_Inicio_Real]]<=[@[Fecha_Programada_Inicio]];"SÍ";"NO")) | O12: =SI(O([@[Fecha_Programada_Fin]]="";[@[Fecha_Cierre_Operativo]]="");"";SI([@[Fecha_Cierre_Operativo]]<=SI([@[Fecha_Nueva_Programada]]<>"";[@[Fecha_Nueva_Programada]];[@[Fecha_Programada_Fin]]);"SÍ";"NO")) | P12: =SI(O([@[Cumpli_Ingreso]]="";[@[Cumpli_Salida]]="");"";SI(Y([@[Cumpli_Ingreso]]="SÍ";[@[Cumpli_Salida]]="SÍ");"SÍ";"NO")) | Q12: =SI(O([@[Fecha_Programada_Fin]]="";[@[Fecha_Cierre_Operativo]]="");"";MAX(0;ENTERO([@[Fecha_Cierre_Operativo]])-ENTERO(SI([@[Fecha_Nueva_Programada]]<>"";[@[Fecha_Nueva_Programada]];[@[Fecha_Programada_Fin]]))) | U12: 17 | W12: =SI.ERROR(SI(O([@[Fecha_Programada_Inicio]]="";[@[Fecha_Programada_Fin]]="");"";SI(Y([@[Fecha_Programada_Fin]]>=[@[Fecha_Programada_Inicio]];SI([@[Fecha_Cierre_Operativo]]="";VERDADERO;[@[Fecha_Cierre_Operativo]]>=[@[Fecha_Inicio_Real]]);SI([@[Fecha_Cierre_Administrativo]]="";VERDADERO;Y([@[Fecha_Cierre_Operativo]]<>"";[@[Fecha_Cierre_Administrativo]]>=[@[Fecha_Cierre_Operativo]])));"OK";"REVISAR"));"REVISAR") | X12: =SI([@SBAN]="";"";BUSCARV([@SBAN];Cronograma_Maestro!$A:$M;6;FALSO))
A13: 730 | B13: =SI([@SBAN]="";"";BUSCARV([@SBAN];Cronograma_Maestro!$A:$M;2;FALSO)) | C13: =SI([@SBAN]="";"";BUSCARV([@SBAN];Cronograma_Maestro!$A:$M;3;FALSO)) | D13: =SI([@SBAN]="";"";BUSCARV([@SBAN];Cronograma_Maestro!$A:$M;4;FALSO)) | E13: =SI([@SBAN]="";"";BUSCARV([@SBAN];Cronograma_Maestro!$A:$M;5;FALSO)) | F13: Nelson Leonardo Paez Suarez | G13: PMU COLSOF | H13: 46274 | I13: 46274 | L13: Programada | N13: =SI(O([@[Fecha_Programada_Inicio]]="";[@[Fecha_Inicio_Real]]="");"";SI([@[Fecha_Inicio_Real]]<=[@[Fecha_Programada_Inicio]];"SÍ";"NO")) | O13: =SI(O([@[Fecha_Programada_Fin]]="";[@[Fecha_Cierre_Operativo]]="");"";SI([@[Fecha_Cierre_Operativo]]<=SI([@[Fecha_Nueva_Programada]]<>"";[@[Fecha_Nueva_Programada]];[@[Fecha_Programada_Fin]]);"SÍ";"NO")) | P13: =SI(O([@[Cumpli_Ingreso]]="";[@[Cumpli_Salida]]="");"";SI(Y([@[Cumpli_Ingreso]]="SÍ";[@[Cumpli_Salida]]="SÍ");"SÍ";"NO")) | Q13: =SI(O([@[Fecha_Programada_Fin]]="";[@[Fecha_Cierre_Operativo]]="");"";MAX(0;ENTERO([@[Fecha_Cierre_Operativo]])-ENTERO(SI([@[Fecha_Nueva_Programada]]<>"";[@[Fecha_Nueva_Programada]];[@[Fecha_Programada_Fin]]))) | U13: 14 | W13: =SI.ERROR(SI(O([@[Fecha_Programada_Inicio]]="";[@[Fecha_Programada_Fin]]="");"";SI(Y([@[Fecha_Programada_Fin]]>=[@[Fecha_Programada_Inicio]];SI([@[Fecha_Cierre_Operativo]]="";VERDADERO;[@[Fecha_Cierre_Operativo]]>=[@[Fecha_Inicio_Real]]);SI([@[Fecha_Cierre_Administrativo]]="";VERDADERO;Y([@[Fecha_Cierre_Operativo]]<>"";[@[Fecha_Cierre_Administrativo]]>=[@[Fecha_Cierre_Operativo]])));"OK";"REVISAR"));"REVISAR") | X13: =SI([@SBAN]="";"";BUSCARV([@SBAN];Cronograma_Maestro!$A:$M;6;FALSO))
... A54: 1320 | B54: =SI([@SBAN]="";"";BUSCARV([@SBAN];Cronograma_Maestro!$A:$M;2;FALSO)) | C54: =SI([@SBAN]="";"";BUSCARV([@SBAN];Cronograma_Maestro!$A:$M;3;FALSO)) | D54: =SI([@SBAN]="";"";BUSCARV([@SBAN];Cronograma_Maestro!$A:$M;4;FALSO)) | E54: =SI([@SBAN]="";"";BUSCARV([@SBAN];Cronograma_Maestro!$A:$M;5;FALSO)) | F54: Ever Enrique Esquivel Movilla | G54: PMU COLSOF | H54: 46272 | I54: 46272 | L54: Programada | N54: =SI(O([@[Fecha_Programada_Inicio]]="";[@[Fecha_Inicio_Real]]="");"";SI([@[Fecha_Inicio_Real]]<=[@[Fecha_Programada_Inicio]];"SÍ";"NO")) | O54: =SI(O([@[Fecha_Programada_Fin]]="";[@[Fecha_Cierre_Operativo]]="");"";SI([@[Fecha_Cierre_Operativo]]<=SI([@[Fecha_Nueva_Programada]]<>"";[@[Fecha_Nueva_Programada]];[@[Fecha_Programada_Fin]]);"SÍ";"NO")) | P54: =SI(O([@[Cumpli_Ingreso]]="";[@[Cumpli_Salida]]="");"";SI(Y([@[Cumpli_Ingreso]]="SÍ";[@[Cumpli_Salida]]="SÍ");"SÍ";"NO")) | Q54: =SI(O([@[Fecha_Programada_Fin]]="";[@[Fecha_Cierre_Operativo]]="");"";MAX(0;ENTERO([@[Fecha_Cierre_Operativo]])-ENTERO(SI([@[Fecha_Nueva_Programada]]<>"";[@[Fecha_Nueva_Programada]];[@[Fecha_Programada_Fin]]))) | U54: 23 | W54: =SI.ERROR(SI(O([@[Fecha_Programada_Inicio]]="";[@[Fecha_Programada_Fin]]="");"";SI(Y([@[Fecha_Programada_Fin]]>=[@[Fecha_Programada_Inicio]];SI([@[Fecha_Cierre_Operativo]]="";VERDADERO;[@[Fecha_Cierre_Operativo]]>=[@[Fecha_Inicio_Real]]);SI([@[Fecha_Cierre_Administrativo]]="";VERDADERO;Y([@[Fecha_Cierre_Operativo]]<>"";[@[Fecha_Cierre_Administrativo]]>=[@[Fecha_Cierre_Operativo]])));"OK";"REVISAR"));"REVISAR") | X54: =SI([@SBAN]="";"";BUSCARV([@SBAN];Cronograma_Maestro!$A:$M;6;FALSO))
A55: 1321 | B55: =SI([@SBAN]="";"";BUSCARV([@SBAN];Cronograma_Maestro!$A:$M;2;FALSO)) | C55: =SI([@SBAN]="";"";BUSCARV([@SBAN];Cronograma_Maestro!$A:$M;3;FALSO)) | D55: =SI([@SBAN]="";"";BUSCARV([@SBAN];Cronograma_Maestro!$A:$M;4;FALSO)) | E55: =SI([@SBAN]="";"";BUSCARV([@SBAN];Cronograma_Maestro!$A:$M;5;FALSO)) | F55: Ever Enrique Esquivel Movilla | G55: PMU COLSOF | H55: 46266 | I55: 46267 | J55: 46266 | L55: En Proceso | N55: =SI(O([@[Fecha_Programada_Inicio]]="";[@[Fecha_Inicio_Real]]="");"";SI([@[Fecha_Inicio_Real]]<=[@[Fecha_Programada_Inicio]];"SÍ";"NO")) | O55: =SI(O([@[Fecha_Programada_Fin]]="";[@[Fecha_Cierre_Operativo]]="");"";SI([@[Fecha_Cierre_Operativo]]<=SI([@[Fecha_Nueva_Programada]]<>"";[@[Fecha_Nueva_Programada]];[@[Fecha_Programada_Fin]]);"SÍ";"NO")) | P55: =SI(O([@[Cumpli_Ingreso]]="";[@[Cumpli_Salida]]="");"";SI(Y([@[Cumpli_Ingreso]]="SÍ";[@[Cumpli_Salida]]="SÍ");"SÍ";"NO")) | Q55: =SI(O([@[Fecha_Programada_Fin]]="";[@[Fecha_Cierre_Operativo]]="");"";MAX(0;ENTERO([@[Fecha_Cierre_Operativo]])-ENTERO(SI([@[Fecha_Nueva_Programada]]<>"";[@[Fecha_Nueva_Programada]];[@[Fecha_Programada_Fin]]))) | U55: 34 | V55: No firma el director debido en vacaiones, firma el encergado de la sede | W55: =SI.ERROR(SI(O([@[Fecha_Programada_Inicio]]="";[@[Fecha_Programada_Fin]]="");"";SI(Y([@[Fecha_Programada_Fin]]>=[@[Fecha_Programada_Inicio]];SI([@[Fecha_Cierre_Operativo]]="";VERDADERO;[@[Fecha_Cierre_Operativo]]>=[@[Fecha_Inicio_Real]]);SI([@[Fecha_Cierre_Administrativo]]="";VERDADERO;Y([@[Fecha_Cierre_Operativo]]<>"";[@[Fecha_Cierre_Administrativo]]>=[@[Fecha_Cierre_Operativo]])));"OK";"REVISAR"));"REVISAR") | X55: =SI([@SBAN]="";"";BUSCARV([@SBAN];Cronograma_Maestro!$A:$M;6;FALSO))
A56: 1323 | B56: =SI([@SBAN]="";"";BUSCARV([@SBAN];Cronograma_Maestro!$A:$M;2;FALSO)) | C56: =SI([@SBAN]="";"";BUSCARV([@SBAN];Cronograma_Maestro!$A:$M;3;FALSO)) | D56: =SI([@SBAN]="";"";BUSCARV([@SBAN];Cronograma_Maestro!$A:$M;4;FALSO)) | E56: =SI([@SBAN]="";"";BUSCARV([@SBAN];Cronograma_Maestro!$A:$M;5;FALSO)) | F56: Andrés Mariano Bustamante Castro | G56: PMU COLSOF | H56: 46297 | I56: 46304 | L56: Programada | N56: =SI(O([@[Fecha_Programada_Inicio]]="";[@[Fecha_Inicio_Real]]="");"";SI([@[Fecha_Inicio_Real]]<=[@[Fecha_Programada_Inicio]];"SÍ";"NO")) | O56: =SI(O([@[Fecha_Programada_Fin]]="";[@[Fecha_Cierre_Operativo]]="");"";SI([@[Fecha_Cierre_Operativo]]<=SI([@[Fecha_Nueva_Programada]]<>"";[@[Fecha_Nueva_Programada]];[@[Fecha_Programada_Fin]]);"SÍ";"NO")) | P56: =SI(O([@[Cumpli_Ingreso]]="";[@[Cumpli_Salida]]="");"";SI(Y([@[Cumpli_Ingreso]]="SÍ";[@[Cumpli_Salida]]="SÍ");"SÍ";"NO")) | Q56: =SI(O([@[Fecha_Programada_Fin]]="";[@[Fecha_Cierre_Operativo]]="");"";MAX(0;ENTERO([@[Fecha_Cierre_Operativo]])-ENTERO(SI([@[Fecha_Nueva_Programada]]<>"";[@[Fecha_Nueva_Programada]];[@[Fecha_Programada_Fin]]))) | U56: 40 | W56: =SI.ERROR(SI(O([@[Fecha_Programada_Inicio]]="";[@[Fecha_Programada_Fin]]="");"";SI(Y([@[Fecha_Programada_Fin]]>=[@[Fecha_Programada_Inicio]];SI([@[Fecha_Cierre_Operativo]]="";VERDADERO;[@[Fecha_Cierre_Operativo]]>=[@[Fecha_Inicio_Real]]);SI([@[Fecha_Cierre_Administrativo]]="";VERDADERO;Y([@[Fecha_Cierre_Operativo]]<>"";[@[Fecha_Cierre_Administrativo]]>=[@[Fecha_Cierre_Operativo]])));"OK";"REVISAR"));"REVISAR") | X56: =SI([@SBAN]="";"";BUSCARV([@SBAN];Cronograma_Maestro!$A:$M;6;FALSO))
A57: 1324 | B57: =SI([@SBAN]="";"";BUSCARV([@SBAN];Cronograma_Maestro!$A:$M;2;FALSO)) | C57: =SI([@SBAN]="";"";BUSCARV([@SBAN];Cronograma_Maestro!$A:$M;3;FALSO)) | D57: =SI([@SBAN]="";"";BUSCARV([@SBAN];Cronograma_Maestro!$A:$M;4;FALSO)) | E57: =SI([@SBAN]="";"";BUSCARV([@SBAN];Cronograma_Maestro!$A:$M;5;FALSO)) | F57: Andrés Mariano Bustamante Castro | G57: PMU COLSOF | H57: 46309 | I57: 46309 | L57: Programada | N57: =SI(O([@[Fecha_Programada_Inicio]]="";[@[Fecha_Inicio_Real]]="");"";SI([@[Fecha_Inicio_Real]]<=[@[Fecha_Programada_Inicio]];"SÍ";"NO")) | O57: =SI(O([@[Fecha_Programada_Fin]]="";[@[Fecha_Cierre_Operativo]]="");"";SI([@[Fecha_Cierre_Operativo]]<=SI([@[Fecha_Nueva_Programada]]<>"";[@[Fecha_Nueva_Programada]];[@[Fecha_Programada_Fin]]);"SÍ";"NO")) | P57: =SI(O([@[Cumpli_Ingreso]]="";[@[Cumpli_Salida]]="");"";SI(Y([@[Cumpli_Ingreso]]="SÍ";[@[Cumpli_Salida]]="SÍ");"SÍ";"NO")) | Q57: =SI(O([@[Fecha_Programada_Fin]]="";[@[Fecha_Cierre_Operativo]]="");"";MAX(0;ENTERO([@[Fecha_Cierre_Operativo]])-ENTERO(SI([@[Fecha_Nueva_Programada]]<>"";[@[Fecha_Nueva_Programada]];[@[Fecha_Programada_Fin]]))) | U57: 15 | W57: =SI.ERROR(SI(O([@[Fecha_Programada_Inicio]]="";[@[Fecha_Programada_Fin]]="");"";SI(Y([@[Fecha_Programada_Fin]]>=[@[Fecha_Programada_Inicio]];SI([@[Fecha_Cierre_Operativo]]="";VERDADERO;[@[Fecha_Cierre_Operativo]]>=[@[Fecha_Inicio_Real]]);SI([@[Fecha_Cierre_Administrativo]]="";VERDADERO;Y([@[Fecha_Cierre_Operativo]]<>"";[@[Fecha_Cierre_Administrativo]]>=[@[Fecha_Cierre_Operativo]])));"OK";"REVISAR"));"REVISAR") | X57: =SI([@SBAN]="";"";BUSCARV([@SBAN];Cronograma_Maestro!$A:$M;6;FALSO))
A58: 1325 | B58: =SI([@SBAN]="";"";BUSCARV([@SBAN];Cronograma_Maestro!$A:$M;2;FALSO)) | C58: =SI([@SBAN]="";"";BUSCARV([@SBAN];Cronograma_Maestro!$A:$M;3;FALSO)) | D58: =SI([@SBAN]="";"";BUSCARV([@SBAN];Cronograma_Maestro!$A:$M;4;FALSO)) | E58: =SI([@SBAN]="";"";BUSCARV([@SBAN];Cronograma_Maestro!$A:$M;5;FALSO)) | F58: Ever Enrique Esquivel Movilla | G58: PMU COLSOF | H58: 46276 | I58: 46276 | L58: Programada | N58: =SI(O([@[Fecha_Programada_Inicio]]="";[@[Fecha_Inicio_Real]]="");"";SI([@[Fecha_Inicio_Real]]<=[@[Fecha_Programada_Inicio]];"SÍ";"NO")) | O58: =SI(O([@[Fecha_Programada_Fin]]="";[@[Fecha_Cierre_Operativo]]="");"";SI([@[Fecha_Cierre_Operativo]]<=SI([@[Fecha_Nueva_Programada]]<>"";[@[Fecha_Nueva_Programada]];[@[Fecha_Programada_Fin]]);"SÍ";"NO")) | P58: =SI(O([@[Cumpli_Ingreso]]="";[@[Cumpli_Salida]]="");"";SI(Y([@[Cumpli_Ingreso]]="SÍ";[@[Cumpli_Salida]]="SÍ");"SÍ";"NO")) | Q58: =SI(O([@[Fecha_Programada_Fin]]="";[@[Fecha_Cierre_Operativo]]="");"";MAX(0;ENTERO([@[Fecha_Cierre_Operativo]])-ENTERO(SI([@[Fecha_Nueva_Programada]]<>"";[@[Fecha_Nueva_Programada]];[@[Fecha_Programada_Fin]]))) | U58: 29 | W58: =SI.ERROR(SI(O([@[Fecha_Programada_Inicio]]="";[@[Fecha_Programada_Fin]]="");"";SI(Y([@[Fecha_Programada_Fin]]>=[@[Fecha_Programada_Inicio]];SI([@[Fecha_Cierre_Operativo]]="";VERDADERO;[@[Fecha_Cierre_Operativo]]>=[@[Fecha_Inicio_Real]]);SI([@[Fecha_Cierre_Administrativo]]="";VERDADERO;Y([@[Fecha_Cierre_Operativo]]<>"";[@[Fecha_Cierre_Administrativo]]>=[@[Fecha_Cierre_Operativo]])));"OK";"REVISAR"));"REVISAR") | X58: =SI([@SBAN]="";"";BUSCARV([@SBAN];Cronograma_Maestro!$A:$M;6;FALSO))
A59: 1326 | B59: =SI([@SBAN]="";"";BUSCARV([@SBAN];Cronograma_Maestro!$A:$M;2;FALSO)) | C59: =SI([@SBAN]="";"";BUSCARV([@SBAN];Cronograma_Maestro!$A:$M;3;FALSO)) | D59: =SI([@SBAN]="";"";BUSCARV([@SBAN];Cronograma_Maestro!$A:$M;4;FALSO)) | E59: =SI([@SBAN]="";"";BUSCARV([@SBAN];Cronograma_Maestro!$A:$M;5;FALSO)) | F59: Ever Enrique Esquivel Movilla | G59: PMU COLSOF | H59: 46279 | I59: 46279 | L59: Programada | N59: =SI(O([@[Fecha_Programada_Inicio]]="";[@[Fecha_Inicio_Real]]="");"";SI([@[Fecha_Inicio_Real]]<=[@[Fecha_Programada_Inicio]];"SÍ";"NO")) | O59: =SI(O([@[Fecha_Programada_Fin]]="";[@[Fecha_Cierre_Operativo]]="");"";SI([@[Fecha_Cierre_Operativo]]<=SI([@[Fecha_Nueva_Programada]]<>"";[@[Fecha_Nueva_Programada]];[@[Fecha_Programada_Fin]]);"SÍ";"NO")) | P59: =SI(O([@[Cumpli_Ingreso]]="";[@[Cumpli_Salida]]="");"";SI(Y([@[Cumpli_Ingreso]]="SÍ";[@[Cumpli_Salida]]="SÍ");"SÍ";"NO")) | Q59: =SI(O([@[Fecha_Programada_Fin]]="";[@[Fecha_Cierre_Operativo]]="");"";MAX(0;ENTERO([@[Fecha_Cierre_Operativo]])-ENTERO(SI([@[Fecha_Nueva_Programada]]<>"";[@[Fecha_Nueva_Programada]];[@[Fecha_Programada_Fin]]))) | U59: 14 | W59: =SI.ERROR(SI(O([@[Fecha_Programada_Inicio]]="";[@[Fecha_Programada_Fin]]="");"";SI(Y([@[Fecha_Programada_Fin]]>=[@[Fecha_Programada_Inicio]];SI([@[Fecha_Cierre_Operativo]]="";VERDADERO;[@[Fecha_Cierre_Operativo]]>=[@[Fecha_Inicio_Real]]);SI([@[Fecha_Cierre_Administrativo]]="";VERDADERO;Y([@[Fecha_Cierre_Operativo]]<>"";[@[Fecha_Cierre_Administrativo]]>=[@[Fecha_Cierre_Operativo]])));"OK";"REVISAR"));"REVISAR") | X59: =SI([@SBAN]="";"";BUSCARV([@SBAN];Cronograma_Maestro!$A:$M;6;FALSO))
A60: 1330 | B60: =SI([@SBAN]="";"";BUSCARV([@SBAN];Cronograma_Maestro!$A:$M;2;FALSO)) | C60: =SI([@SBAN]="";"";BUSCARV([@SBAN];Cronograma_Maestro!$A:$M;3;FALSO)) | D60: =SI([@SBAN]="";"";BUSCARV([@SBAN];Cronograma_Maestro!$A:$M;4;FALSO)) | E60: =SI([@SBAN]="";"";BUSCARV([@SBAN];Cronograma_Maestro!$A:$M;5;FALSO)) | F60: Juan Pablo Osorio Ramirez | G60: PMU COLSOF | H60: 46309 | I60: 46309 | L60: Programada | N60: =SI(O([@[Fecha_Programada_Inicio]]="";[@[Fecha_Inicio_Real]]="");"";SI([@[Fecha_Inicio_Real]]<=[@[Fecha_Programada_Inicio]];"SÍ";"NO")) | O60: =SI(O([@[Fecha_Programada_Fin]]="";[@[Fecha_Cierre_Operativo]]="");"";SI([@[Fecha_Cierre_Operativo]]<=SI([@[Fecha_Nueva_Programada]]<>"";[@[Fecha_Nueva_Programada]];[@[Fecha_Programada_Fin]]);"SÍ";"NO")) | P60: =SI(O([@[Cumpli_Ingreso]]="";[@[Cumpli_Salida]]="");"";SI(Y([@[Cumpli_Ingreso]]="SÍ";[@[Cumpli_Salida]]="SÍ");"SÍ";"NO")) | Q60: =SI(O([@[Fecha_Programada_Fin]]="";[@[Fecha_Cierre_Operativo]]="");"";MAX(0;ENTERO([@[Fecha_Cierre_Operativo]])-ENTERO(SI([@[Fecha_Nueva_Programada]]<>"";[@[Fecha_Nueva_Programada]];[@[Fecha_Programada_Fin]]))) | U60: 12 | W60: =SI.ERROR(SI(O([@[Fecha_Programada_Inicio]]="";[@[Fecha_Programada_Fin]]="");"";SI(Y([@[Fecha_Programada_Fin]]>=[@[Fecha_Programada_Inicio]];SI([@[Fecha_Cierre_Operativo]]="";VERDADERO;[@[Fecha_Cierre_Operativo]]>=[@[Fecha_Inicio_Real]]);SI([@[Fecha_Cierre_Administrativo]]="";VERDADERO;Y([@[Fecha_Cierre_Operativo]]<>"";[@[Fecha_Cierre_Administrativo]]>=[@[Fecha_Cierre_Operativo]])));"OK";"REVISAR"));"REVISAR") | X60: =SI([@SBAN]="";"";BUSCARV([@SBAN];Cronograma_Maestro!$A:$M;6;FALSO))
A61: 1331 | B61: =SI([@SBAN]="";"";BUSCARV([@SBAN];Cronograma_Maestro!$A:$M;2;FALSO)) | C61: =SI([@SBAN]="";"";BUSCARV([@SBAN];Cronograma_Maestro!$A:$M;3;FALSO)) | D61: =SI([@SBAN]="";"";BUSCARV([@SBAN];Cronograma_Maestro!$A:$M;4;FALSO)) | E61: =SI([@SBAN]="";"";BUSCARV([@SBAN];Cronograma_Maestro!$A:$M;5;FALSO)) | F61: Andrés Mariano Bustamante Castro | G61: PMU COLSOF | H61: 46294 | I61: 46296 | L61: Programada | N61: =SI(O([@[Fecha_Programada_Inicio]]="";[@[Fecha_Inicio_Real]]="");"";SI([@[Fecha_Inicio_Real]]<=[@[Fecha_Programada_Inicio]];"SÍ";"NO")) | O61: =SI(O([@[Fecha_Programada_Fin]]="";[@[Fecha_Cierre_Operativo]]="");"";SI([@[Fecha_Cierre_Operativo]]<=SI([@[Fecha_Nueva_Programada]]<>"";[@[Fecha_Nueva_Programada]];[@[Fecha_Programada_Fin]]);"SÍ";"NO")) | P61: =SI(O([@[Cumpli_Ingreso]]="";[@[Cumpli_Salida]]="");"";SI(Y([@[Cumpli_Ingreso]]="SÍ";[@[Cumpli_Salida]]="SÍ");"SÍ";"NO")) | Q61: =SI(O([@[Fecha_Programada_Fin]]="";[@[Fecha_Cierre_Operativo]]="");"";MAX(0;ENTERO([@[Fecha_Cierre_Operativo]])-ENTERO(SI([@[Fecha_Nueva_Programada]]<>"";[@[Fecha_Nueva_Programada]];[@[Fecha_Programada_Fin]]))) | U61: 28 | W61: =SI.ERROR(SI(O([@[Fecha_Programada_Inicio]]="";[@[Fecha_Programada_Fin]]="");"";SI(Y([@[Fecha_Programada_Fin]]>=[@[Fecha_Programada_Inicio]];SI([@[Fecha_Cierre_Operativo]]="";VERDADERO;[@[Fecha_Cierre_Operativo]]>=[@[Fecha_Inicio_Real]]);SI([@[Fecha_Cierre_Administrativo]]="";VERDADERO;Y([@[Fecha_Cierre_Operativo]]<>"";[@[Fecha_Cierre_Administrativo]]>=[@[Fecha_Cierre_Operativo]])));"OK";"REVISAR"));"REVISAR") | X61: =SI([@SBAN]="";"";BUSCARV([@SBAN];Cronograma_Maestro!$A:$M;6;FALSO))
A62: 1332 | B62: =SI([@SBAN]="";"";BUSCARV([@SBAN];Cronograma_Maestro!$A:$M;2;FALSO)) | C62: =SI([@SBAN]="";"";BUSCARV([@SBAN];Cronograma_Maestro!$A:$M;3;FALSO)) | D62: =SI([@SBAN]="";"";BUSCARV([@SBAN];Cronograma_Maestro!$A:$M;4;FALSO)) | E62: =SI([@SBAN]="";"";BUSCARV([@SBAN];Cronograma_Maestro!$A:$M;5;FALSO)) | F62: Ever Enrique Esquivel Movilla | G62: PMU COLSOF | H62: 46286 | I62: 46286 | L62: Programada | N62: =SI(O([@[Fecha_Programada_Inicio]]="";[@[Fecha_Inicio_Real]]="");"";SI([@[Fecha_Inicio_Real]]<=[@[Fecha_Programada_Inicio]];"SÍ";"NO")) | O62: =SI(O([@[Fecha_Programada_Fin]]="";[@[Fecha_Cierre_Operativo]]="");"";SI([@[Fecha_Cierre_Operativo]]<=SI([@[Fecha_Nueva_Programada]]<>"";[@[Fecha_Nueva_Programada]];[@[Fecha_Programada_Fin]]);"SÍ";"NO")) | P62: =SI(O([@[Cumpli_Ingreso]]="";[@[Cumpli_Salida]]="");"";SI(Y([@[Cumpli_Ingreso]]="SÍ";[@[Cumpli_Salida]]="SÍ");"SÍ";"NO")) | Q62: =SI(O([@[Fecha_Programada_Fin]]="";[@[Fecha_Cierre_Operativo]]="");"";MAX(0;ENTERO([@[Fecha_Cierre_Operativo]])-ENTERO(SI([@[Fecha_Nueva_Programada]]<>"";[@[Fecha_Nueva_Programada]];[@[Fecha_Programada_Fin]]))) | U62: 25 | W62: =SI.ERROR(SI(O([@[Fecha_Programada_Inicio]]="";[@[Fecha_Programada_Fin]]="");"";SI(Y([@[Fecha_Programada_Fin]]>=[@[Fecha_Programada_Inicio]];SI([@[Fecha_Cierre_Operativo]]="";VERDADERO;[@[Fecha_Cierre_Operativo]]>=[@[Fecha_Inicio_Real]]);SI([@[Fecha_Cierre_Administrativo]]="";VERDADERO;Y([@[Fecha_Cierre_Operativo]]<>"";[@[Fecha_Cierre_Administrativo]]>=[@[Fecha_Cierre_Operativo]])));"OK";"REVISAR"));"REVISAR") | X62: =SI([@SBAN]="";"";BUSCARV([@SBAN];Cronograma_Maestro!$A:$M;6;FALSO))
A63: 1334 | B63: =SI([@SBAN]="";"";BUSCARV([@SBAN];Cronograma_Maestro!$A:$M;2;FALSO)) | C63: =SI([@SBAN]="";"";BUSCARV([@SBAN];Cronograma_Maestro!$A:$M;3;FALSO)) | D63: =SI([@SBAN]="";"";BUSCARV([@SBAN];Cronograma_Maestro!$A:$M;4;FALSO)) | E63: =SI([@SBAN]="";"";BUSCARV([@SBAN];Cronograma_Maestro!$A:$M;5;FALSO)) | F63: Juan Pablo Osorio Ramirez | G63: PMU COLSOF | H63: 46274 | I63: 46274 | L63: Programada | N63: =SI(O([@[Fecha_Programada_Inicio]]="";[@[Fecha_Inicio_Real]]="");"";SI([@[Fecha_Inicio_Real]]<=[@[Fecha_Programada_Inicio]];"SÍ";"NO")) | O63: =SI(O([@[Fecha_Programada_Fin]]="";[@[Fecha_Cierre_Operativo]]="");"";SI([@[Fecha_Cierre_Operativo]]<=SI([@[Fecha_Nueva_Programada]]<>"";[@[Fecha_Nueva_Programada]];[@[Fecha_Programada_Fin]]);"SÍ";"NO")) | P63: =SI(O([@[Cumpli_Ingreso]]="";[@[Cumpli_Salida]]="");"";SI(Y([@[Cumpli_Ingreso]]="SÍ";[@[Cumpli_Salida]]="SÍ");"SÍ";"NO")) | Q63: =SI(O([@[Fecha_Programada_Fin]]="";[@[Fecha_Cierre_Operativo]]="");"";MAX(0;ENTERO([@[Fecha_Cierre_Operativo]])-ENTERO(SI([@[Fecha_Nueva_Programada]]<>"";[@[Fecha_Nueva_Programada]];[@[Fecha_Programada_Fin]]))) | U63: 16 | W63: =SI.ERROR(SI(O([@[Fecha_Programada_Inicio]]="";[@[Fecha_Programada_Fin]]="");"";SI(Y([@[Fecha_Programada_Fin]]>=[@[Fecha_Programada_Inicio]];SI([@[Fecha_Cierre_Operativo]]="";VERDADERO;[@[Fecha_Cierre_Operativo]]>=[@[Fecha_Inicio_Real]]);SI([@[Fecha_Cierre_Administrativo]]="";VERDADERO;Y([@[Fecha_Cierre_Operativo]]<>"";[@[Fecha_Cierre_Administrativo]]>=[@[Fecha_Cierre_Operativo]])));"OK";"REVISAR"));"REVISAR") | X63: =SI([@SBAN]="";"";BUSCARV([@SBAN];Cronograma_Maestro!$A:$M;6;FALSO))
A64: 1336 | B64: =SI([@SBAN]="";"";BUSCARV([@SBAN];Cronograma_Maestro!$A:$M;2;FALSO)) | C64: =SI([@SBAN]="";"";BUSCARV([@SBAN];Cronograma_Maestro!$A:$M;3;FALSO)) | D64: =SI([@SBAN]="";"";BUSCARV([@SBAN];Cronograma_Maestro!$A:$M;4;FALSO)) | E64: =SI([@SBAN]="";"";BUSCARV([@SBAN];Cronograma_Maestro!$A:$M;5;FALSO)) | F64: Juan Pablo Osorio Ramirez | G64: PMU COLSOF | H64: 46276 | I64: 46276 | L64: Programada | N64: =SI(O([@[Fecha_Programada_Inicio]]="";[@[Fecha_Inicio_Real]]="");"";SI([@[Fecha_Inicio_Real]]<=[@[Fecha_Programada_Inicio]];"SÍ";"NO")) | O64: =SI(O([@[Fecha_Programada_Fin]]="";[@[Fecha_Cierre_Operativo]]="");"";SI([@[Fecha_Cierre_Operativo]]<=SI([@[Fecha_Nueva_Programada]]<>"";[@[Fecha_Nueva_Programada]];[@[Fecha_Programada_Fin]]);"SÍ";"NO")) | P64: =SI(O([@[Cumpli_Ingreso]]="";[@[Cumpli_Salida]]="");"";SI(Y([@[Cumpli_Ingreso]]="SÍ";[@[Cumpli_Salida]]="SÍ");"SÍ";"NO")) | Q64: =SI(O([@[Fecha_Programada_Fin]]="";[@[Fecha_Cierre_Operativo]]="");"";MAX(0;ENTERO([@[Fecha_Cierre_Operativo]])-ENTERO(SI([@[Fecha_Nueva_Programada]]<>"";[@[Fecha_Nueva_Programada]];[@[Fecha_Programada_Fin]]))) | U64: 14 | W64: =SI.ERROR(SI(O([@[Fecha_Programada_Inicio]]="";[@[Fecha_Programada_Fin]]="");"";SI(Y([@[Fecha_Programada_Fin]]>=[@[Fecha_Programada_Inicio]];SI([@[Fecha_Cierre_Operativo]]="";VERDADERO;[@[Fecha_Cierre_Operativo]]>=[@[Fecha_Inicio_Real]]);SI([@[Fecha_Cierre_Administrativo]]="";VERDADERO;Y([@[Fecha_Cierre_Operativo]]<>"";[@[Fecha_Cierre_Administrativo]]>=[@[Fecha_Cierre_Operativo]])));"OK";"REVISAR"));"REVISAR") | X64: =SI([@SBAN]="";"";BUSCARV([@SBAN];Cronograma_Maestro!$A:$M;6;FALSO))
A65: 1340 | B65: =SI([@SBAN]="";"";BUSCARV([@SBAN];Cronograma_Maestro!$A:$M;2;FALSO)) | C65: =SI([@SBAN]="";"";BUSCARV([@SBAN];Cronograma_Maestro!$A:$M;3;FALSO)) | D65: =SI([@SBAN]="";"";BUSCARV([@SBAN];Cronograma_Maestro!$A:$M;4;FALSO)) | E65: =SI([@SBAN]="";"";BUSCARV([@SBAN];Cronograma_Maestro!$A:$M;5;FALSO)) | F65: Juan Pablo Osorio Ramirez | G65: PMU COLSOF | H65: 46314 | I65: 46314 | L65: Programada | N65: =SI(O([@[Fecha_Programada_Inicio]]="";[@[Fecha_Inicio_Real]]="");"";SI([@[Fecha_Inicio_Real]]<=[@[Fecha_Programada_Inicio]];"SÍ";"NO")) | O65: =SI(O([@[Fecha_Programada_Fin]]="";[@[Fecha_Cierre_Operativo]]="");"";SI([@[Fecha_Cierre_Operativo]]<=SI([@[Fecha_Nueva_Programada]]<>"";[@[Fecha_Nueva_Programada]];[@[Fecha_Programada_Fin]]);"SÍ";"NO")) | P65: =SI(O([@[Cumpli_Ingreso]]="";[@[Cumpli_Salida]]="");"";SI(Y([@[Cumpli_Ingreso]]="SÍ";[@[Cumpli_Salida]]="SÍ");"SÍ";"NO")) | Q65: =SI(O([@[Fecha_Programada_Fin]]="";[@[Fecha_Cierre_Operativo]]="");"";MAX(0;ENTERO([@[Fecha_Cierre_Operativo]])-ENTERO(SI([@[Fecha_Nueva_Programada]]<>"";[@[Fecha_Nueva_Programada]];[@[Fecha_Programada_Fin]]))) | U65: 27 | W65: =SI.ERROR(SI(O([@[Fecha_Programada_Inicio]]="";[@[Fecha_Programada_Fin]]="");"";SI(Y([@[Fecha_Programada_Fin]]>=[@[Fecha_Programada_Inicio]];SI([@[Fecha_Cierre_Operativo]]="";VERDADERO;[@[Fecha_Cierre_Operativo]]>=[@[Fecha_Inicio_Real]]);SI([@[Fecha_Cierre_Administrativo]]="";VERDADERO;Y([@[Fecha_Cierre_Operativo]]<>"";[@[Fecha_Cierre_Administrativo]]>=[@[Fecha_Cierre_Operativo]])));"OK";"REVISAR"));"REVISAR") | X65: =SI([@SBAN]="";"";BUSCARV([@SBAN];Cronograma_Maestro!$A:$M;6;FALSO))
A66: 1341 | B66: =SI([@SBAN]="";"";BUSCARV([@SBAN];Cronograma_Maestro!$A:$M;2;FALSO)) | C66: =SI([@SBAN]="";"";BUSCARV([@SBAN];Cronograma_Maestro!$A:$M;3;FALSO)) | D66: =SI([@SBAN]="";"";BUSCARV([@SBAN];Cronograma_Maestro!$A:$M;4;FALSO)) | E66: =SI([@SBAN]="";"";BUSCARV([@SBAN];Cronograma_Maestro!$A:$M;5;FALSO)) | F66: Juan Pablo Osorio Ramirez | G66: PMU COLSOF | H66: 46275 | I66: 46275 | L66: Programada | N66: =SI(O([@[Fecha_Programada_Inicio]]="";[@[Fecha_Inicio_Real]]="");"";SI([@[Fecha_Inicio_Real]]<=[@[Fecha_Programada_Inicio]];"SÍ";"NO")) | O66: =SI(O([@[Fecha_Programada_Fin]]="";[@[Fecha_Cierre_Operativo]]="");"";SI([@[Fecha_Cierre_Operativo]]<=SI([@[Fecha_Nueva_Programada]]<>"";[@[Fecha_Nueva_Programada]];[@[Fecha_Programada_Fin]]);"SÍ";"NO")) | P66: =SI(O([@[Cumpli_Ingreso]]="";[@[Cumpli_Salida]]="");"";SI(Y([@[Cumpli_Ingreso]]="SÍ";[@[Cumpli_Salida]]="SÍ");"SÍ";"NO")) | Q66: =SI(O([@[Fecha_Programada_Fin]]="";[@[Fecha_Cierre_Operativo]]="");"";MAX(0;ENTERO([@[Fecha_Cierre_Operativo]])-ENTERO(SI([@[Fecha_Nueva_Programada]]<>"";[@[Fecha_Nueva_Programada]];[@[Fecha_Programada_Fin]]))) | U66: 13 | W66: =SI.ERROR(SI(O([@[Fecha_Programada_Inicio]]="";[@[Fecha_Programada_Fin]]="");"";SI(Y([@[Fecha_Programada_Fin]]>=[@[Fecha_Programada_Inicio]];SI([@[Fecha_Cierre_Operativo]]="";VERDADERO;[@[Fecha_Cierre_Operativo]]>=[@[Fecha_Inicio_Real]]);SI([@[Fecha_Cierre_Administrativo]]="";VERDADERO;Y([@[Fecha_Cierre_Operativo]]<>"";[@[Fecha_Cierre_Administrativo]]>=[@[Fecha_Cierre_Operativo]])));"OK";"REVISAR"));"REVISAR") | X66: =SI([@SBAN]="";"";BUSCARV([@SBAN];Cronograma_Maestro!$A:$M;6;FALSO))
A67: 1342 | B67: =SI([@SBAN]="";"";BUSCARV([@SBAN];Cronograma_Maestro!$A:$M;2;FALSO)) | C67: =SI([@SBAN]="";"";BUSCARV([@SBAN];Cronograma_Maestro!$A:$M;3;FALSO)) | D67: =SI([@SBAN]="";"";BUSCARV([@SBAN];Cronograma_Maestro!$A:$M;4;FALSO)) | E67: =SI([@SBAN]="";"";BUSCARV([@SBAN];Cronograma_Maestro!$A:$M;5;FALSO)) | F67: Juan Pablo Osorio Ramirez | G67: PMU COLSOF | H67: 46275 | I67: 46275 | L67: Programada | N67: =SI(O([@[Fecha_Programada_Inicio]]="";[@[Fecha_Inicio_Real]]="");"";SI([@[Fecha_Inicio_Real]]<=[@[Fecha_Programada_Inicio]];"SÍ";"NO")) | O67: =SI(O([@[Fecha_Programada_Fin]]="";[@[Fecha_Cierre_Operativo]]="");"";SI([@[Fecha_Cierre_Operativo]]<=SI([@[Fecha_Nueva_Programada]]<>"";[@[Fecha_Nueva_Programada]];[@[Fecha_Programada_Fin]]);"SÍ";"NO")) | P67: =SI(O([@[Cumpli_Ingreso]]="";[@[Cumpli_Salida]]="");"";SI(Y([@[Cumpli_Ingreso]]="SÍ";[@[Cumpli_Salida]]="SÍ");"SÍ";"NO")) | Q67: =SI(O([@[Fecha_Programada_Fin]]="";[@[Fecha_Cierre_Operativo]]="");"";MAX(0;ENTERO([@[Fecha_Cierre_Operativo]])-ENTERO(SI([@[Fecha_Nueva_Programada]]<>"";[@[Fecha_Nueva_Programada]];[@[Fecha_Programada_Fin]]))) | U67: 23 | W67: =SI.ERROR(SI(O([@[Fecha_Programada_Inicio]]="";[@[Fecha_Programada_Fin]]="");"";SI(Y([@[Fecha_Programada_Fin]]>=[@[Fecha_Programada_Inicio]];SI([@[Fecha_Cierre_Operativo]]="";VERDADERO;[@[Fecha_Cierre_Operativo]]>=[@[Fecha_Inicio_Real]]);SI([@[Fecha_Cierre_Administrativo]]="";VERDADERO;Y([@[Fecha_Cierre_Operativo]]<>"";[@[Fecha_Cierre_Administrativo]]>=[@[Fecha_Cierre_Operativo]])));"OK";"REVISAR"));"REVISAR") | X67: =SI([@SBAN]="";"";BUSCARV([@SBAN];Cronograma_Maestro!$A:$M;6;FALSO))
... A72: 1350 | B72: =SI([@SBAN]="";"";BUSCARV([@SBAN];Cronograma_Maestro!$A:$M;2;FALSO)) | C72: =SI([@SBAN]="";"";BUSCARV([@SBAN];Cronograma_Maestro!$A:$M;3;FALSO)) | D72: =SI([@SBAN]="";"";BUSCARV([@SBAN];Cronograma_Maestro!$A:$M;4;FALSO)) | E72: =SI([@SBAN]="";"";BUSCARV([@SBAN];Cronograma_Maestro!$A:$M;5;FALSO)) | F72: Juan Pablo Osorio Ramirez | G72: PMU COLSOF | H72: 46316 | I72: 46316 | L72: Programada | N72: =SI(O([@[Fecha_Programada_Inicio]]="";[@[Fecha_Inicio_Real]]="");"";SI([@[Fecha_Inicio_Real]]<=[@[Fecha_Programada_Inicio]];"SÍ";"NO")) | O72: =SI(O([@[Fecha_Programada_Fin]]="";[@[Fecha_Cierre_Operativo]]="");"";SI([@[Fecha_Cierre_Operativo]]<=SI([@[Fecha_Nueva_Programada]]<>"";[@[Fecha_Nueva_Programada]];[@[Fecha_Programada_Fin]]);"SÍ";"NO")) | P72: =SI(O([@[Cumpli_Ingreso]]="";[@[Cumpli_Salida]]="");"";SI(Y([@[Cumpli_Ingreso]]="SÍ";[@[Cumpli_Salida]]="SÍ");"SÍ";"NO")) | Q72: =SI(O([@[Fecha_Programada_Fin]]="";[@[Fecha_Cierre_Operativo]]="");"";MAX(0;ENTERO([@[Fecha_Cierre_Operativo]])-ENTERO(SI([@[Fecha_Nueva_Programada]]<>"";[@[Fecha_Nueva_Programada]];[@[Fecha_Programada_Fin]]))) | U72: 16 | W72: =SI.ERROR(SI(O([@[Fecha_Programada_Inicio]]="";[@[Fecha_Programada_Fin]]="");"";SI(Y([@[Fecha_Programada_Fin]]>=[@[Fecha_Programada_Inicio]];SI([@[Fecha_Cierre_Operativo]]="";VERDADERO;[@[Fecha_Cierre_Operativo]]>=[@[Fecha_Inicio_Real]]);SI([@[Fecha_Cierre_Administrativo]]="";VERDADERO;Y([@[Fecha_Cierre_Operativo]]<>"";[@[Fecha_Cierre_Administrativo]]>=[@[Fecha_Cierre_Operativo]])));"OK";"REVISAR"));"REVISAR") | X72: =SI([@SBAN]="";"";BUSCARV([@SBAN];Cronograma_Maestro!$A:$M;6;FALSO))
A73: 1351 | B73: =SI([@SBAN]="";"";BUSCARV([@SBAN];Cronograma_Maestro!$A:$M;2;FALSO)) | C73: =SI([@SBAN]="";"";BUSCARV([@SBAN];Cronograma_Maestro!$A:$M;3;FALSO)) | D73: =SI([@SBAN]="";"";BUSCARV([@SBAN];Cronograma_Maestro!$A:$M;4;FALSO)) | E73: =SI([@SBAN]="";"";BUSCARV([@SBAN];Cronograma_Maestro!$A:$M;5;FALSO)) | F73: Andrés Mariano Bustamante Castro | G73: PMU COLSOF | H73: 46266 | I73: 46268 | J73: 46266 | L73: En Proceso | N73: =SI(O([@[Fecha_Programada_Inicio]]="";[@[Fecha_Inicio_Real]]="");"";SI([@[Fecha_Inicio_Real]]<=[@[Fecha_Programada_Inicio]];"SÍ";"NO")) | O73: =SI(O([@[Fecha_Programada_Fin]]="";[@[Fecha_Cierre_Operativo]]="");"";SI([@[Fecha_Cierre_Operativo]]<=SI([@[Fecha_Nueva_Programada]]<>"";[@[Fecha_Nueva_Programada]];[@[Fecha_Programada_Fin]]);"SÍ";"NO")) | P73: =SI(O([@[Cumpli_Ingreso]]="";[@[Cumpli_Salida]]="");"";SI(Y([@[Cumpli_Ingreso]]="SÍ";[@[Cumpli_Salida]]="SÍ");"SÍ";"NO")) | Q73: =SI(O([@[Fecha_Programada_Fin]]="";[@[Fecha_Cierre_Operativo]]="");"";MAX(0;ENTERO([@[Fecha_Cierre_Operativo]])-ENTERO(SI([@[Fecha_Nueva_Programada]]<>"";[@[Fecha_Nueva_Programada]];[@[Fecha_Programada_Fin]]))) | U73: 31 | W73: =SI.ERROR(SI(O([@[Fecha_Programada_Inicio]]="";[@[Fecha_Programada_Fin]]="");"";SI(Y([@[Fecha_Programada_Fin]]>=[@[Fecha_Programada_Inicio]];SI([@[Fecha_Cierre_Operativo]]="";VERDADERO;[@[Fecha_Cierre_Operativo]]>=[@[Fecha_Inicio_Real]]);SI([@[Fecha_Cierre_Administrativo]]="";VERDADERO;Y([@[Fecha_Cierre_Operativo]]<>"";[@[Fecha_Cierre_Administrativo]]>=[@[Fecha_Cierre_Operativo]])));"OK";"REVISAR"));"REVISAR") | X73: =SI([@SBAN]="";"";BUSCARV([@SBAN];Cronograma_Maestro!$A:$M;6;FALSO))
A74: 1352 | B74: =SI([@SBAN]="";"";BUSCARV([@SBAN];Cronograma_Maestro!$A:$M;2;FALSO)) | C74: =SI([@SBAN]="";"";BUSCARV([@SBAN];Cronograma_Maestro!$A:$M;3;FALSO)) | D74: =SI([@SBAN]="";"";BUSCARV([@SBAN];Cronograma_Maestro!$A:$M;4;FALSO)) | E74: =SI([@SBAN]="";"";BUSCARV([@SBAN];Cronograma_Maestro!$A:$M;5;FALSO)) | F74: Ever Enrique Esquivel Movilla | G74: PMU COLSOF | H74: 46295 | I74: 46296 | L74: Programada | N74: =SI(O([@[Fecha_Programada_Inicio]]="";[@[Fecha_Inicio_Real]]="");"";SI([@[Fecha_Inicio_Real]]<=[@[Fecha_Programada_Inicio]];"SÍ";"NO")) | O74: =SI(O([@[Fecha_Programada_Fin]]="";[@[Fecha_Cierre_Operativo]]="");"";SI([@[Fecha_Cierre_Operativo]]<=SI([@[Fecha_Nueva_Programada]]<>"";[@[Fecha_Nueva_Programada]];[@[Fecha_Programada_Fin]]);"SÍ";"NO")) | P74: =SI(O([@[Cumpli_Ingreso]]="";[@[Cumpli_Salida]]="");"";SI(Y([@[Cumpli_Ingreso]]="SÍ";[@[Cumpli_Salida]]="SÍ");"SÍ";"NO")) | Q74: =SI(O([@[Fecha_Programada_Fin]]="";[@[Fecha_Cierre_Operativo]]="");"";MAX(0;ENTERO([@[Fecha_Cierre_Operativo]])-ENTERO(SI([@[Fecha_Nueva_Programada]]<>"";[@[Fecha_Nueva_Programada]];[@[Fecha_Programada_Fin]]))) | U74: 36 | W74: =SI.ERROR(SI(O([@[Fecha_Programada_Inicio]]="";[@[Fecha_Programada_Fin]]="");"";SI(Y([@[Fecha_Programada_Fin]]>=[@[Fecha_Programada_Inicio]];SI([@[Fecha_Cierre_Operativo]]="";VERDADERO;[@[Fecha_Cierre_Operativo]]>=[@[Fecha_Inicio_Real]]);SI([@[Fecha_Cierre_Administrativo]]="";VERDADERO;Y([@[Fecha_Cierre_Operativo]]<>"";[@[Fecha_Cierre_Administrativo]]>=[@[Fecha_Cierre_Operativo]])));"OK";"REVISAR"));"REVISAR") | X74: =SI([@SBAN]="";"";BUSCARV([@SBAN];Cronograma_Maestro!$A:$M;6;FALSO))
A75: 1353 | B75: =SI([@SBAN]="";"";BUSCARV([@SBAN];Cronograma_Maestro!$A:$M;2;FALSO)) | C75: =SI([@SBAN]="";"";BUSCARV([@SBAN];Cronograma_Maestro!$A:$M;3;FALSO)) | D75: =SI([@SBAN]="";"";BUSCARV([@SBAN];Cronograma_Maestro!$A:$M;4;FALSO)) | E75: =SI([@SBAN]="";"";BUSCARV([@SBAN];Cronograma_Maestro!$A:$M;5;FALSO)) | F75: Juan Pablo Osorio Ramirez | G75: PMU COLSOF | H75: 46266 | I75: 46266 | J75: 46266 | K75: 46266 | L75: Finalizada | N75: =SI(O([@[Fecha_Programada_Inicio]]="";[@[Fecha_Inicio_Real]]="");"";SI([@[Fecha_Inicio_Real]]<=[@[Fecha_Programada_Inicio]];"SÍ";"NO")) | O75: =SI(O([@[Fecha_Programada_Fin]]="";[@[Fecha_Cierre_Operativo]]="");"";SI([@[Fecha_Cierre_Operativo]]<=SI([@[Fecha_Nueva_Programada]]<>"";[@[Fecha_Nueva_Programada]];[@[Fecha_Programada_Fin]]);"SÍ";"NO")) | P75: =SI(O([@[Cumpli_Ingreso]]="";[@[Cumpli_Salida]]="");"";SI(Y([@[Cumpli_Ingreso]]="SÍ";[@[Cumpli_Salida]]="SÍ");"SÍ";"NO")) | Q75: =SI(O([@[Fecha_Programada_Fin]]="";[@[Fecha_Cierre_Operativo]]="");"";MAX(0;ENTERO([@[Fecha_Cierre_Operativo]])-ENTERO(SI([@[Fecha_Nueva_Programada]]<>"";[@[Fecha_Nueva_Programada]];[@[Fecha_Programada_Fin]]))) | R75: N/A - A Tiempo | S75: Firmada | U75: 13 | V75: El directo del Sban se encentra en vacaiones, firma en su nombre el encargdo del cargo durante su ausencia Zayda Cabanzo | W75: =SI.ERROR(SI(O([@[Fecha_Programada_Inicio]]="";[@[Fecha_Programada_Fin]]="");"";SI(Y([@[Fecha_Programada_Fin]]>=[@[Fecha_Programada_Inicio]];SI([@[Fecha_Cierre_Operativo]]="";VERDADERO;[@[Fecha_Cierre_Operativo]]>=[@[Fecha_Inicio_Real]]);SI([@[Fecha_Cierre_Administrativo]]="";VERDADERO;Y([@[Fecha_Cierre_Operativo]]<>"";[@[Fecha_Cierre_Administrativo]]>=[@[Fecha_Cierre_Operativo]])));"OK";"REVISAR"));"REVISAR") | X75: =SI([@SBAN]="";"";BUSCARV([@SBAN];Cronograma_Maestro!$A:$M;6;FALSO))
A76: 1354 | B76: =SI([@SBAN]="";"";BUSCARV([@SBAN];Cronograma_Maestro!$A:$M;2;FALSO)) | C76: =SI([@SBAN]="";"";BUSCARV([@SBAN];Cronograma_Maestro!$A:$M;3;FALSO)) | D76: =SI([@SBAN]="";"";BUSCARV([@SBAN];Cronograma_Maestro!$A:$M;4;FALSO)) | E76: =SI([@SBAN]="";"";BUSCARV([@SBAN];Cronograma_Maestro!$A:$M;5;FALSO)) | F76: Juan Pablo Osorio Ramirez | G76: PMU COLSOF | H76: 46273 | I76: 46273 | L76: Programada | N76: =SI(O([@[Fecha_Programada_Inicio]]="";[@[Fecha_Inicio_Real]]="");"";SI([@[Fecha_Inicio_Real]]<=[@[Fecha_Programada_Inicio]];"SÍ";"NO")) | O76: =SI(O([@[Fecha_Programada_Fin]]="";[@[Fecha_Cierre_Operativo]]="");"";SI([@[Fecha_Cierre_Operativo]]<=SI([@[Fecha_Nueva_Programada]]<>"";[@[Fecha_Nueva_Programada]];[@[Fecha_Programada_Fin]]);"SÍ";"NO")) | P76: =SI(O([@[Cumpli_Ingreso]]="";[@[Cumpli_Salida]]="");"";SI(Y([@[Cumpli_Ingreso]]="SÍ";[@[Cumpli_Salida]]="SÍ");"SÍ";"NO")) | Q76: =SI(O([@[Fecha_Programada_Fin]]="";[@[Fecha_Cierre_Operativo]]="");"";MAX(0;ENTERO([@[Fecha_Cierre_Operativo]])-ENTERO(SI([@[Fecha_Nueva_Programada]]<>"";[@[Fecha_Nueva_Programada]];[@[Fecha_Programada_Fin]]))) | U76: 17 | W76: =SI.ERROR(SI(O([@[Fecha_Programada_Inicio]]="";[@[Fecha_Programada_Fin]]="");"";SI(Y([@[Fecha_Programada_Fin]]>=[@[Fecha_Programada_Inicio]];SI([@[Fecha_Cierre_Operativo]]="";VERDADERO;[@[Fecha_Cierre_Operativo]]>=[@[Fecha_Inicio_Real]]);SI([@[Fecha_Cierre_Administrativo]]="";VERDADERO;Y([@[Fecha_Cierre_Operativo]]<>"";[@[Fecha_Cierre_Administrativo]]>=[@[Fecha_Cierre_Operativo]])));"OK";"REVISAR"));"REVISAR") | X76: =SI([@SBAN]="";"";BUSCARV([@SBAN];Cronograma_Maestro!$A:$M;6;FALSO))
A77: 1355 | B77: =SI([@SBAN]="";"";BUSCARV([@SBAN];Cronograma_Maestro!$A:$M;2;FALSO)) | C77: =SI([@SBAN]="";"";BUSCARV([@SBAN];Cronograma_Maestro!$A:$M;3;FALSO)) | D77: =SI([@SBAN]="";"";BUSCARV([@SBAN];Cronograma_Maestro!$A:$M;4;FALSO)) | E77: =SI([@SBAN]="";"";BUSCARV([@SBAN];Cronograma_Maestro!$A:$M;5;FALSO)) | F77: Andrés Mariano Bustamante Castro | G77: PMU COLSOF | H77: 46308 | I77: 46308 | L77: Programada | N77: =SI(O([@[Fecha_Programada_Inicio]]="";[@[Fecha_Inicio_Real]]="");"";SI([@[Fecha_Inicio_Real]]<=[@[Fecha_Programada_Inicio]];"SÍ";"NO")) | O77: =SI(O([@[Fecha_Programada_Fin]]="";[@[Fecha_Cierre_Operativo]]="");"";SI([@[Fecha_Cierre_Operativo]]<=SI([@[Fecha_Nueva_Programada]]<>"";[@[Fecha_Nueva_Programada]];[@[Fecha_Programada_Fin]]);"SÍ";"NO")) | P77: =SI(O([@[Cumpli_Ingreso]]="";[@[Cumpli_Salida]]="");"";SI(Y([@[Cumpli_Ingreso]]="SÍ";[@[Cumpli_Salida]]="SÍ");"SÍ";"NO")) | Q77: =SI(O([@[Fecha_Programada_Fin]]="";[@[Fecha_Cierre_Operativo]]="");"";MAX(0;ENTERO([@[Fecha_Cierre_Operativo]])-ENTERO(SI([@[Fecha_Nueva_Programada]]<>"";[@[Fecha_Nueva_Programada]];[@[Fecha_Programada_Fin]]))) | U77: 19 | W77: =SI.ERROR(SI(O([@[Fecha_Programada_Inicio]]="";[@[Fecha_Programada_Fin]]="");"";SI(Y([@[Fecha_Programada_Fin]]>=[@[Fecha_Programada_Inicio]];SI([@[Fecha_Cierre_Operativo]]="";VERDADERO;[@[Fecha_Cierre_Operativo]]>=[@[Fecha_Inicio_Real]]);SI([@[Fecha_Cierre_Administrativo]]="";VERDADERO;Y([@[Fecha_Cierre_Operativo]]<>"";[@[Fecha_Cierre_Administrativo]]>=[@[Fecha_Cierre_Operativo]])));"OK";"REVISAR"));"REVISAR") | X77: =SI([@SBAN]="";"";BUSCARV([@SBAN];Cronograma_Maestro!$A:$M;6;FALSO))
A78: 1356 | B78: =SI([@SBAN]="";"";BUSCARV([@SBAN];Cronograma_Maestro!$A:$M;2;FALSO)) | C78: =SI([@SBAN]="";"";BUSCARV([@SBAN];Cronograma_Maestro!$A:$M;3;FALSO)) | D78: =SI([@SBAN]="";"";BUSCARV([@SBAN];Cronograma_Maestro!$A:$M;4;FALSO)) | E78: =SI([@SBAN]="";"";BUSCARV([@SBAN];Cronograma_Maestro!$A:$M;5;FALSO)) | F78: Ever Enrique Esquivel Movilla | G78: PMU COLSOF | H78: 46297 | I78: 46297 | L78: Programada | N78: =SI(O([@[Fecha_Programada_Inicio]]="";[@[Fecha_Inicio_Real]]="");"";SI([@[Fecha_Inicio_Real]]<=[@[Fecha_Programada_Inicio]];"SÍ";"NO")) | O78: =SI(O([@[Fecha_Programada_Fin]]="";[@[Fecha_Cierre_Operativo]]="");"";SI([@[Fecha_Cierre_Operativo]]<=SI([@[Fecha_Nueva_Programada]]<>"";[@[Fecha_Nueva_Programada]];[@[Fecha_Programada_Fin]]);"SÍ";"NO")) | P78: =SI(O([@[Cumpli_Ingreso]]="";[@[Cumpli_Salida]]="");"";SI(Y([@[Cumpli_Ingreso]]="SÍ";[@[Cumpli_Salida]]="SÍ");"SÍ";"NO")) | Q78: =SI(O([@[Fecha_Programada_Fin]]="";[@[Fecha_Cierre_Operativo]]="");"";MAX(0;ENTERO([@[Fecha_Cierre_Operativo]])-ENTERO(SI([@[Fecha_Nueva_Programada]]<>"";[@[Fecha_Nueva_Programada]];[@[Fecha_Programada_Fin]]))) | U78: 13 | W78: =SI.ERROR(SI(O([@[Fecha_Programada_Inicio]]="";[@[Fecha_Programada_Fin]]="");"";SI(Y([@[Fecha_Programada_Fin]]>=[@[Fecha_Programada_Inicio]];SI([@[Fecha_Cierre_Operativo]]="";VERDADERO;[@[Fecha_Cierre_Operativo]]>=[@[Fecha_Inicio_Real]]);SI([@[Fecha_Cierre_Administrativo]]="";VERDADERO;Y([@[Fecha_Cierre_Operativo]]<>"";[@[Fecha_Cierre_Administrativo]]>=[@[Fecha_Cierre_Operativo]])));"OK";"REVISAR"));"REVISAR") | X78: =SI([@SBAN]="";"";BUSCARV([@SBAN];Cronograma_Maestro!$A:$M;6;FALSO))
A79: 1357 | B79: =SI([@SBAN]="";"";BUSCARV([@SBAN];Cronograma_Maestro!$A:$M;2;FALSO)) | C79: =SI([@SBAN]="";"";BUSCARV([@SBAN];Cronograma_Maestro!$A:$M;3;FALSO)) | D79: =SI([@SBAN]="";"";BUSCARV([@SBAN];Cronograma_Maestro!$A:$M;4;FALSO)) | E79: =SI([@SBAN]="";"";BUSCARV([@SBAN];Cronograma_Maestro!$A:$M;5;FALSO)) | F79: Juan Pablo Osorio Ramirez | G79: PMU COLSOF | H79: 46280 | I79: 46280 | L79: Programada | N79: =SI(O([@[Fecha_Programada_Inicio]]="";[@[Fecha_Inicio_Real]]="");"";SI([@[Fecha_Inicio_Real]]<=[@[Fecha_Programada_Inicio]];"SÍ";"NO")) | O79: =SI(O([@[Fecha_Programada_Fin]]="";[@[Fecha_Cierre_Operativo]]="");"";SI([@[Fecha_Cierre_Operativo]]<=SI([@[Fecha_Nueva_Programada]]<>"";[@[Fecha_Nueva_Programada]];[@[Fecha_Programada_Fin]]);"SÍ";"NO")) | P79: =SI(O([@[Cumpli_Ingreso]]="";[@[Cumpli_Salida]]="");"";SI(Y([@[Cumpli_Ingreso]]="SÍ";[@[Cumpli_Salida]]="SÍ");"SÍ";"NO")) | Q79: =SI(O([@[Fecha_Programada_Fin]]="";[@[Fecha_Cierre_Operativo]]="");"";MAX(0;ENTERO([@[Fecha_Cierre_Operativo]])-ENTERO(SI([@[Fecha_Nueva_Programada]]<>"";[@[Fecha_Nueva_Programada]];[@[Fecha_Programada_Fin]]))) | U79: 13 | W79: =SI.ERROR(SI(O([@[Fecha_Programada_Inicio]]="";[@[Fecha_Programada_Fin]]="");"";SI(Y([@[Fecha_Programada_Fin]]>=[@[Fecha_Programada_Inicio]];SI([@[Fecha_Cierre_Operativo]]="";VERDADERO;[@[Fecha_Cierre_Operativo]]>=[@[Fecha_Inicio_Real]]);SI([@[Fecha_Cierre_Administrativo]]="";VERDADERO;Y([@[Fecha_Cierre_Operativo]]<>"";[@[Fecha_Cierre_Administrativo]]>=[@[Fecha_Cierre_Operativo]])));"OK";"REVISAR"));"REVISAR") | X79: =SI([@SBAN]="";"";BUSCARV([@SBAN];Cronograma_Maestro!$A:$M;6;FALSO))
A80: 1359 | B80: =SI([@SBAN]="";"";BUSCARV([@SBAN];Cronograma_Maestro!$A:$M;2;FALSO)) | C80: =SI([@SBAN]="";"";BUSCARV([@SBAN];Cronograma_Maestro!$A:$M;3;FALSO)) | D80: =SI([@SBAN]="";"";BUSCARV([@SBAN];Cronograma_Maestro!$A:$M;4;FALSO)) | E80: =SI([@SBAN]="";"";BUSCARV([@SBAN];Cronograma_Maestro!$A:$M;5;FALSO)) | F80: Andrés Mariano Bustamante Castro | G80: PMU COLSOF | H80: 46274 | I80: 46276 | L80: Programada | N80: =SI(O([@[Fecha_Programada_Inicio]]="";[@[Fecha_Inicio_Real]]="");"";SI([@[Fecha_Inicio_Real]]<=[@[Fecha_Programada_Inicio]];"SÍ";"NO")) | O80: =SI(O([@[Fecha_Programada_Fin]]="";[@[Fecha_Cierre_Operativo]]="");"";SI([@[Fecha_Cierre_Operativo]]<=SI([@[Fecha_Nueva_Programada]]<>"";[@[Fecha_Nueva_Programada]];[@[Fecha_Programada_Fin]]);"SÍ";"NO")) | P80: =SI(O([@[Cumpli_Ingreso]]="";[@[Cumpli_Salida]]="");"";SI(Y([@[Cumpli_Ingreso]]="SÍ";[@[Cumpli_Salida]]="SÍ");"SÍ";"NO")) | Q80: =SI(O([@[Fecha_Programada_Fin]]="";[@[Fecha_Cierre_Operativo]]="");"";MAX(0;ENTERO([@[Fecha_Cierre_Operativo]])-ENTERO(SI([@[Fecha_Nueva_Programada]]<>"";[@[Fecha_Nueva_Programada]];[@[Fecha_Programada_Fin]]))) | U80: 27 | W80: =SI.ERROR(SI(O([@[Fecha_Programada_Inicio]]="";[@[Fecha_Programada_Fin]]="");"";SI(Y([@[Fecha_Programada_Fin]]>=[@[Fecha_Programada_Inicio]];SI([@[Fecha_Cierre_Operativo]]="";VERDADERO;[@[Fecha_Cierre_Operativo]]>=[@[Fecha_Inicio_Real]]);SI([@[Fecha_Cierre_Administrativo]]="";VERDADERO;Y([@[Fecha_Cierre_Operativo]]<>"";[@[Fecha_Cierre_Administrativo]]>=[@[Fecha_Cierre_Operativo]])));"OK";"REVISAR"));"REVISAR") | X80: =SI([@SBAN]="";"";BUSCARV([@SBAN];Cronograma_Maestro!$A:$M;6;FALSO))
A81: 1360 | B81: =SI([@SBAN]="";"";BUSCARV([@SBAN];Cronograma_Maestro!$A:$M;2;FALSO)) | C81: =SI([@SBAN]="";"";BUSCARV([@SBAN];Cronograma_Maestro!$A:$M;3;FALSO)) | D81: =SI([@SBAN]="";"";BUSCARV([@SBAN];Cronograma_Maestro!$A:$M;4;FALSO)) | E81: =SI([@SBAN]="";"";BUSCARV([@SBAN];Cronograma_Maestro!$A:$M;5;FALSO)) | F81: Juan Pablo Osorio Ramirez | G81: PMU COLSOF | H81: 46317 | I81: 46317 | L81: Programada | N81: =SI(O([@[Fecha_Programada_Inicio]]="";[@[Fecha_Inicio_Real]]="");"";SI([@[Fecha_Inicio_Real]]<=[@[Fecha_Programada_Inicio]];"SÍ";"NO")) | O81: =SI(O([@[Fecha_Programada_Fin]]="";[@[Fecha_Cierre_Operativo]]="");"";SI([@[Fecha_Cierre_Operativo]]<=SI([@[Fecha_Nueva_Programada]]<>"";[@[Fecha_Nueva_Programada]];[@[Fecha_Programada_Fin]]);"SÍ";"NO")) | P81: =SI(O([@[Cumpli_Ingreso]]="";[@[Cumpli_Salida]]="");"";SI(Y([@[Cumpli_Ingreso]]="SÍ";[@[Cumpli_Salida]]="SÍ");"SÍ";"NO")) | Q81: =SI(O([@[Fecha_Programada_Fin]]="";[@[Fecha_Cierre_Operativo]]="");"";MAX(0;ENTERO([@[Fecha_Cierre_Operativo]])-ENTERO(SI([@[Fecha_Nueva_Programada]]<>"";[@[Fecha_Nueva_Programada]];[@[Fecha_Programada_Fin]]))) | U81: 13 | W81: =SI.ERROR(SI(O([@[Fecha_Programada_Inicio]]="";[@[Fecha_Programada_Fin]]="");"";SI(Y([@[Fecha_Programada_Fin]]>=[@[Fecha_Programada_Inicio]];SI([@[Fecha_Cierre_Operativo]]="";VERDADERO;[@[Fecha_Cierre_Operativo]]>=[@[Fecha_Inicio_Real]]);SI([@[Fecha_Cierre_Administrativo]]="";VERDADERO;Y([@[Fecha_Cierre_Operativo]]<>"";[@[Fecha_Cierre_Administrativo]]>=[@[Fecha_Cierre_Operativo]])));"OK";"REVISAR"));"REVISAR") | X81: =SI([@SBAN]="";"";BUSCARV([@SBAN];Cronograma_Maestro!$A:$M;6;FALSO))
A82: 1361 | B82: =SI([@SBAN]="";"";BUSCARV([@SBAN];Cronograma_Maestro!$A:$M;2;FALSO)) | C82: =SI([@SBAN]="";"";BUSCARV([@SBAN];Cronograma_Maestro!$A:$M;3;FALSO)) | D82: =SI([@SBAN]="";"";BUSCARV([@SBAN];Cronograma_Maestro!$A:$M;4;FALSO)) | E82: =SI([@SBAN]="";"";BUSCARV([@SBAN];Cronograma_Maestro!$A:$M;5;FALSO)) | F82: Juan Pablo Osorio Ramirez | G82: PMU COLSOF | H82: 46293 | I82: 46293 | L82: Programada | N82: =SI(O([@[Fecha_Programada_Inicio]]="";[@[Fecha_Inicio_Real]]="");"";SI([@[Fecha_Inicio_Real]]<=[@[Fecha_Programada_Inicio]];"SÍ";"NO")) | O82: =SI(O([@[Fecha_Programada_Fin]]="";[@[Fecha_Cierre_Operativo]]="");"";SI([@[Fecha_Cierre_Operativo]]<=SI([@[Fecha_Nueva_Programada]]<>"";[@[Fecha_Nueva_Programada]];[@[Fecha_Programada_Fin]]);"SÍ";"NO")) | P82: =SI(O([@[Cumpli_Ingreso]]="";[@[Cumpli_Salida]]="");"";SI(Y([@[Cumpli_Ingreso]]="SÍ";[@[Cumpli_Salida]]="SÍ");"SÍ";"NO")) | Q82: =SI(O([@[Fecha_Programada_Fin]]="";[@[Fecha_Cierre_Operativo]]="");"";MAX(0;ENTERO([@[Fecha_Cierre_Operativo]])-ENTERO(SI([@[Fecha_Nueva_Programada]]<>"";[@[Fecha_Nueva_Programada]];[@[Fecha_Programada_Fin]]))) | U82: 13 | W82: =SI.ERROR(SI(O([@[Fecha_Programada_Inicio]]="";[@[Fecha_Programada_Fin]]="");"";SI(Y([@[Fecha_Programada_Fin]]>=[@[Fecha_Programada_Inicio]];SI([@[Fecha_Cierre_Operativo]]="";VERDADERO;[@[Fecha_Cierre_Operativo]]>=[@[Fecha_Inicio_Real]]);SI([@[Fecha_Cierre_Administrativo]]="";VERDADERO;Y([@[Fecha_Cierre_Operativo]]<>"";[@[Fecha_Cierre_Administrativo]]>=[@[Fecha_Cierre_Operativo]])));"OK";"REVISAR"));"REVISAR") | X82: =SI([@SBAN]="";"";BUSCARV([@SBAN];Cronograma_Maestro!$A:$M;6;FALSO))
A83: 1362 | B83: =SI([@SBAN]="";"";BUSCARV([@SBAN];Cronograma_Maestro!$A:$M;2;FALSO)) | C83: =SI([@SBAN]="";"";BUSCARV([@SBAN];Cronograma_Maestro!$A:$M;3;FALSO)) | D83: =SI([@SBAN]="";"";BUSCARV([@SBAN];Cronograma_Maestro!$A:$M;4;FALSO)) | E83: =SI([@SBAN]="";"";BUSCARV([@SBAN];Cronograma_Maestro!$A:$M;5;FALSO)) | F83: Ever Enrique Esquivel Movilla | G83: PMU COLSOF | H83: 46283 | I83: 46283 | L83: Programada | N83: =SI(O([@[Fecha_Programada_Inicio]]="";[@[Fecha_Inicio_Real]]="");"";SI([@[Fecha_Inicio_Real]]<=[@[Fecha_Programada_Inicio]];"SÍ";"NO")) | O83: =SI(O([@[Fecha_Programada_Fin]]="";[@[Fecha_Cierre_Operativo]]="");"";SI([@[Fecha_Cierre_Operativo]]<=SI([@[Fecha_Nueva_Programada]]<>"";[@[Fecha_Nueva_Programada]];[@[Fecha_Programada_Fin]]);"SÍ";"NO")) | P83: =SI(O([@[Cumpli_Ingreso]]="";[@[Cumpli_Salida]]="");"";SI(Y([@[Cumpli_Ingreso]]="SÍ";[@[Cumpli_Salida]]="SÍ");"SÍ";"NO")) | Q83: =SI(O([@[Fecha_Programada_Fin]]="";[@[Fecha_Cierre_Operativo]]="");"";MAX(0;ENTERO([@[Fecha_Cierre_Operativo]])-ENTERO(SI([@[Fecha_Nueva_Programada]]<>"";[@[Fecha_Nueva_Programada]];[@[Fecha_Programada_Fin]]))) | U83: 20 | W83: =SI.ERROR(SI(O([@[Fecha_Programada_Inicio]]="";[@[Fecha_Programada_Fin]]="");"";SI(Y([@[Fecha_Programada_Fin]]>=[@[Fecha_Programada_Inicio]];SI([@[Fecha_Cierre_Operativo]]="";VERDADERO;[@[Fecha_Cierre_Operativo]]>=[@[Fecha_Inicio_Real]]);SI([@[Fecha_Cierre_Administrativo]]="";VERDADERO;Y([@[Fecha_Cierre_Operativo]]<>"";[@[Fecha_Cierre_Administrativo]]>=[@[Fecha_Cierre_Operativo]])));"OK";"REVISAR"));"REVISAR") | X83: =SI([@SBAN]="";"";BUSCARV([@SBAN];Cronograma_Maestro!$A:$M;6;FALSO))
A84: 1363 | B84: =SI([@SBAN]="";"";BUSCARV([@SBAN];Cronograma_Maestro!$A:$M;2;FALSO)) | C84: =SI([@SBAN]="";"";BUSCARV([@SBAN];Cronograma_Maestro!$A:$M;3;FALSO)) | D84: =SI([@SBAN]="";"";BUSCARV([@SBAN];Cronograma_Maestro!$A:$M;4;FALSO)) | E84: =SI([@SBAN]="";"";BUSCARV([@SBAN];Cronograma_Maestro!$A:$M;5;FALSO)) | F84: Juan Pablo Osorio Ramirez | G84: PMU COLSOF | H84: 46282 | I84: 46282 | L84: Programada | N84: =SI(O([@[Fecha_Programada_Inicio]]="";[@[Fecha_Inicio_Real]]="");"";SI([@[Fecha_Inicio_Real]]<=[@[Fecha_Programada_Inicio]];"SÍ";"NO")) | O84: =SI(O([@[Fecha_Programada_Fin]]="";[@[Fecha_Cierre_Operativo]]="");"";SI([@[Fecha_Cierre_Operativo]]<=SI([@[Fecha_Nueva_Programada]]<>"";[@[Fecha_Nueva_Programada]];[@[Fecha_Programada_Fin]]);"SÍ";"NO")) | P84: =SI(O([@[Cumpli_Ingreso]]="";[@[Cumpli_Salida]]="");"";SI(Y([@[Cumpli_Ingreso]]="SÍ";[@[Cumpli_Salida]]="SÍ");"SÍ";"NO")) | Q84: =SI(O([@[Fecha_Programada_Fin]]="";[@[Fecha_Cierre_Operativo]]="");"";MAX(0;ENTERO([@[Fecha_Cierre_Operativo]])-ENTERO(SI([@[Fecha_Nueva_Programada]]<>"";[@[Fecha_Nueva_Programada]];[@[Fecha_Programada_Fin]]))) | U84: 11 | W84: =SI.ERROR(SI(O([@[Fecha_Programada_Inicio]]="";[@[Fecha_Programada_Fin]]="");"";SI(Y([@[Fecha_Programada_Fin]]>=[@[Fecha_Programada_Inicio]];SI([@[Fecha_Cierre_Operativo]]="";VERDADERO;[@[Fecha_Cierre_Operativo]]>=[@[Fecha_Inicio_Real]]);SI([@[Fecha_Cierre_Administrativo]]="";VERDADERO;Y([@[Fecha_Cierre_Operativo]]<>"";[@[Fecha_Cierre_Administrativo]]>=[@[Fecha_Cierre_Operativo]])));"OK";"REVISAR"));"REVISAR") | X84: =SI([@SBAN]="";"";BUSCARV([@SBAN];Cronograma_Maestro!$A:$M;6;FALSO))
A85: 1365 | B85: =SI([@SBAN]="";"";BUSCARV([@SBAN];Cronograma_Maestro!$A:$M;2;FALSO)) | C85: =SI([@SBAN]="";"";BUSCARV([@SBAN];Cronograma_Maestro!$A:$M;3;FALSO)) | D85: =SI([@SBAN]="";"";BUSCARV([@SBAN];Cronograma_Maestro!$A:$M;4;FALSO)) | E85: =SI([@SBAN]="";"";BUSCARV([@SBAN];Cronograma_Maestro!$A:$M;5;FALSO)) | F85: Andrés Mariano Bustamante Castro | G85: PMU COLSOF | H85: 46314 | I85: 46314 | L85: Programada | N85: =SI(O([@[Fecha_Programada_Inicio]]="";[@[Fecha_Inicio_Real]]="");"";SI([@[Fecha_Inicio_Real]]<=[@[Fecha_Programada_Inicio]];"SÍ";"NO")) | O85: =SI(O([@[Fecha_Programada_Fin]]="";[@[Fecha_Cierre_Operativo]]="");"";SI([@[Fecha_Cierre_Operativo]]<=SI([@[Fecha_Nueva_Programada]]<>"";[@[Fecha_Nueva_Programada]];[@[Fecha_Programada_Fin]]);"SÍ";"NO")) | P85: =SI(O([@[Cumpli_Ingreso]]="";[@[Cumpli_Salida]]="");"";SI(Y([@[Cumpli_Ingreso]]="SÍ";[@[Cumpli_Salida]]="SÍ");"SÍ";"NO")) | Q85: =SI(O([@[Fecha_Programada_Fin]]="";[@[Fecha_Cierre_Operativo]]="");"";MAX(0;ENTERO([@[Fecha_Cierre_Operativo]])-ENTERO(SI([@[Fecha_Nueva_Programada]]<>"";[@[Fecha_Nueva_Programada]];[@[Fecha_Programada_Fin]]))) | U85: 27 | W85: =SI.ERROR(SI(O([@[Fecha_Programada_Inicio]]="";[@[Fecha_Programada_Fin]]="");"";SI(Y([@[Fecha_Programada_Fin]]>=[@[Fecha_Programada_Inicio]];SI([@[Fecha_Cierre_Operativo]]="";VERDADERO;[@[Fecha_Cierre_Operativo]]>=[@[Fecha_Inicio_Real]]);SI([@[Fecha_Cierre_Administrativo]]="";VERDADERO;Y([@[Fecha_Cierre_Operativo]]<>"";[@[Fecha_Cierre_Administrativo]]>=[@[Fecha_Cierre_Operativo]])));"OK";"REVISAR"));"REVISAR") | X85: =SI([@SBAN]="";"";BUSCARV([@SBAN];Cronograma_Maestro!$A:$M;6;FALSO))
A86: 1366 | B86: =SI([@SBAN]="";"";BUSCARV([@SBAN];Cronograma_Maestro!$A:$M;2;FALSO)) | C86: =SI([@SBAN]="";"";BUSCARV([@SBAN];Cronograma_Maestro!$A:$M;3;FALSO)) | D86: =SI([@SBAN]="";"";BUSCARV([@SBAN];Cronograma_Maestro!$A:$M;4;FALSO)) | E86: =SI([@SBAN]="";"";BUSCARV([@SBAN];Cronograma_Maestro!$A:$M;5;FALSO)) | F86: Andrés Mariano Bustamante Castro | G86: PMU COLSOF | H86: 46318 | I86: 46318 | L86: Programada | N86: =SI(O([@[Fecha_Programada_Inicio]]="";[@[Fecha_Inicio_Real]]="");"";SI([@[Fecha_Inicio_Real]]<=[@[Fecha_Programada_Inicio]];"SÍ";"NO")) | O86: =SI(O([@[Fecha_Programada_Fin]]="";[@[Fecha_Cierre_Operativo]]="");"";SI([@[Fecha_Cierre_Operativo]]<=SI([@[Fecha_Nueva_Programada]]<>"";[@[Fecha_Nueva_Programada]];[@[Fecha_Programada_Fin]]);"SÍ";"NO")) | P86: =SI(O([@[Cumpli_Ingreso]]="";[@[Cumpli_Salida]]="");"";SI(Y([@[Cumpli_Ingreso]]="SÍ";[@[Cumpli_Salida]]="SÍ");"SÍ";"NO")) | Q86: =SI(O([@[Fecha_Programada_Fin]]="";[@[Fecha_Cierre_Operativo]]="");"";MAX(0;ENTERO([@[Fecha_Cierre_Operativo]])-ENTERO(SI([@[Fecha_Nueva_Programada]]<>"";[@[Fecha_Nueva_Programada]];[@[Fecha_Programada_Fin]]))) | U86: 14 | W86: =SI.ERROR(SI(O([@[Fecha_Programada_Inicio]]="";[@[Fecha_Programada_Fin]]="");"";SI(Y([@[Fecha_Programada_Fin]]>=[@[Fecha_Programada_Inicio]];SI([@[Fecha_Cierre_Operativo]]="";VERDADERO;[@[Fecha_Cierre_Operativo]]>=[@[Fecha_Inicio_Real]]);SI([@[Fecha_Cierre_Administrativo]]="";VERDADERO;Y([@[Fecha_Cierre_Operativo]]<>"";[@[Fecha_Cierre_Administrativo]]>=[@[Fecha_Cierre_Operativo]])));"OK";"REVISAR"));"REVISAR") | X86: =SI([@SBAN]="";"";BUSCARV([@SBAN];Cronograma_Maestro!$A:$M;6;FALSO))
A87: 1368 | B87: =SI([@SBAN]="";"";BUSCARV([@SBAN];Cronograma_Maestro!$A:$M;2;FALSO)) | C87: =SI([@SBAN]="";"";BUSCARV([@SBAN];Cronograma_Maestro!$A:$M;3;FALSO)) | D87: =SI([@SBAN]="";"";BUSCARV([@SBAN];Cronograma_Maestro!$A:$M;4;FALSO)) | E87: =SI([@SBAN]="";"";BUSCARV([@SBAN];Cronograma_Maestro!$A:$M;5;FALSO)) | F87: Juan Pablo Osorio Ramirez | G87: PMU COLSOF | H87: 46268 | I87: 46268 | L87: Programada | N87: =SI(O([@[Fecha_Programada_Inicio]]="";[@[Fecha_Inicio_Real]]="");"";SI([@[Fecha_Inicio_Real]]<=[@[Fecha_Programada_Inicio]];"SÍ";"NO")) | O87: =SI(O([@[Fecha_Programada_Fin]]="";[@[Fecha_Cierre_Operativo]]="");"";SI([@[Fecha_Cierre_Operativo]]<=SI([@[Fecha_Nueva_Programada]]<>"";[@[Fecha_Nueva_Programada]];[@[Fecha_Programada_Fin]]);"SÍ";"NO")) | P87: =SI(O([@[Cumpli_Ingreso]]="";[@[Cumpli_Salida]]="");"";SI(Y([@[Cumpli_Ingreso]]="SÍ";[@[Cumpli_Salida]]="SÍ");"SÍ";"NO")) | Q87: =SI(O([@[Fecha_Programada_Fin]]="";[@[Fecha_Cierre_Operativo]]="");"";MAX(0;ENTERO([@[Fecha_Cierre_Operativo]])-ENTERO(SI([@[Fecha_Nueva_Programada]]<>"";[@[Fecha_Nueva_Programada]];[@[Fecha_Programada_Fin]]))) | U87: 22 | W87: =SI.ERROR(SI(O([@[Fecha_Programada_Inicio]]="";[@[Fecha_Programada_Fin]]="");"";SI(Y([@[Fecha_Programada_Fin]]>=[@[Fecha_Programada_Inicio]];SI([@[Fecha_Cierre_Operativo]]="";VERDADERO;[@[Fecha_Cierre_Operativo]]>=[@[Fecha_Inicio_Real]]);SI([@[Fecha_Cierre_Administrativo]]="";VERDADERO;Y([@[Fecha_Cierre_Operativo]]<>"";[@[Fecha_Cierre_Administrativo]]>=[@[Fecha_Cierre_Operativo]])));"OK";"REVISAR"));"REVISAR") | X87: =SI([@SBAN]="";"";BUSCARV([@SBAN];Cronograma_Maestro!$A:$M;6;FALSO))
... A128: 1442 | B128: =SI([@SBAN]="";"";BUSCARV([@SBAN];Cronograma_Maestro!$A:$M;2;FALSO)) | C128: =SI([@SBAN]="";"";BUSCARV([@SBAN];Cronograma_Maestro!$A:$M;3;FALSO)) | D128: =SI([@SBAN]="";"";BUSCARV([@SBAN];Cronograma_Maestro!$A:$M;4;FALSO)) | E128: =SI([@SBAN]="";"";BUSCARV([@SBAN];Cronograma_Maestro!$A:$M;5;FALSO)) | F128: Juan Pablo Osorio Ramirez | G128: PMU COLSOF | H128: 46309 | I128: 46309 | L128: Programada | N128: =SI(O([@[Fecha_Programada_Inicio]]="";[@[Fecha_Inicio_Real]]="");"";SI([@[Fecha_Inicio_Real]]<=[@[Fecha_Programada_Inicio]];"SÍ";"NO")) | O128: =SI(O([@[Fecha_Programada_Fin]]="";[@[Fecha_Cierre_Operativo]]="");"";SI([@[Fecha_Cierre_Operativo]]<=SI([@[Fecha_Nueva_Programada]]<>"";[@[Fecha_Nueva_Programada]];[@[Fecha_Programada_Fin]]);"SÍ";"NO")) | P128: =SI(O([@[Cumpli_Ingreso]]="";[@[Cumpli_Salida]]="");"";SI(Y([@[Cumpli_Ingreso]]="SÍ";[@[Cumpli_Salida]]="SÍ");"SÍ";"NO")) | Q128: =SI(O([@[Fecha_Programada_Fin]]="";[@[Fecha_Cierre_Operativo]]="");"";MAX(0;ENTERO([@[Fecha_Cierre_Operativo]])-ENTERO(SI([@[Fecha_Nueva_Programada]]<>"";[@[Fecha_Nueva_Programada]];[@[Fecha_Programada_Fin]]))) | U128: 12 | W128: =SI.ERROR(SI(O([@[Fecha_Programada_Inicio]]="";[@[Fecha_Programada_Fin]]="");"";SI(Y([@[Fecha_Programada_Fin]]>=[@[Fecha_Programada_Inicio]];SI([@[Fecha_Cierre_Operativo]]="";VERDADERO;[@[Fecha_Cierre_Operativo]]>=[@[Fecha_Inicio_Real]]);SI([@[Fecha_Cierre_Administrativo]]="";VERDADERO;Y([@[Fecha_Cierre_Operativo]]<>"";[@[Fecha_Cierre_Administrativo]]>=[@[Fecha_Cierre_Operativo]])));"OK";"REVISAR"));"REVISAR") | X128: =SI([@SBAN]="";"";BUSCARV([@SBAN];Cronograma_Maestro!$A:$M;6;FALSO))
A129: 1444 | B129: =SI([@SBAN]="";"";BUSCARV([@SBAN];Cronograma_Maestro!$A:$M;2;FALSO)) | C129: =SI([@SBAN]="";"";BUSCARV([@SBAN];Cronograma_Maestro!$A:$M;3;FALSO)) | D129: =SI([@SBAN]="";"";BUSCARV([@SBAN];Cronograma_Maestro!$A:$M;4;FALSO)) | E129: =SI([@SBAN]="";"";BUSCARV([@SBAN];Cronograma_Maestro!$A:$M;5;FALSO)) | F129: Ever Enrique Esquivel Movilla | G129: PMU COLSOF | H129: 46266 | I129: 46266 | J129: 46266 | K129: 46266 | L129: Finalizada | N129: =SI(O([@[Fecha_Programada_Inicio]]="";[@[Fecha_Inicio_Real]]="");"";SI([@[Fecha_Inicio_Real]]<=[@[Fecha_Programada_Inicio]];"SÍ";"NO")) | O129: =SI(O([@[Fecha_Programada_Fin]]="";[@[Fecha_Cierre_Operativo]]="");"";SI([@[Fecha_Cierre_Operativo]]<=SI([@[Fecha_Nueva_Programada]]<>"";[@[Fecha_Nueva_Programada]];[@[Fecha_Programada_Fin]]);"SÍ";"NO")) | P129: =SI(O([@[Cumpli_Ingreso]]="";[@[Cumpli_Salida]]="");"";SI(Y([@[Cumpli_Ingreso]]="SÍ";[@[Cumpli_Salida]]="SÍ");"SÍ";"NO")) | Q129: =SI(O([@[Fecha_Programada_Fin]]="";[@[Fecha_Cierre_Operativo]]="");"";MAX(0;ENTERO([@[Fecha_Cierre_Operativo]])-ENTERO(SI([@[Fecha_Nueva_Programada]]<>"";[@[Fecha_Nueva_Programada]];[@[Fecha_Programada_Fin]]))) | R129: N/A - A Tiempo | S129: Pendiente Firma | U129: 17 | W129: =SI.ERROR(SI(O([@[Fecha_Programada_Inicio]]="";[@[Fecha_Programada_Fin]]="");"";SI(Y([@[Fecha_Programada_Fin]]>=[@[Fecha_Programada_Inicio]];SI([@[Fecha_Cierre_Operativo]]="";VERDADERO;[@[Fecha_Cierre_Operativo]]>=[@[Fecha_Inicio_Real]]);SI([@[Fecha_Cierre_Administrativo]]="";VERDADERO;Y([@[Fecha_Cierre_Operativo]]<>"";[@[Fecha_Cierre_Administrativo]]>=[@[Fecha_Cierre_Operativo]])));"OK";"REVISAR"));"REVISAR") | X129: =SI([@SBAN]="";"";BUSCARV([@SBAN];Cronograma_Maestro!$A:$M;6;FALSO))
A130: 1446 | B130: =SI([@SBAN]="";"";BUSCARV([@SBAN];Cronograma_Maestro!$A:$M;2;FALSO)) | C130: =SI([@SBAN]="";"";BUSCARV([@SBAN];Cronograma_Maestro!$A:$M;3;FALSO)) | D130: =SI([@SBAN]="";"";BUSCARV([@SBAN];Cronograma_Maestro!$A:$M;4;FALSO)) | E130: =SI([@SBAN]="";"";BUSCARV([@SBAN];Cronograma_Maestro!$A:$M;5;FALSO)) | F130: Ever Enrique Esquivel Movilla | G130: PMU COLSOF | H130: 46275 | I130: 46275 | L130: Programada | N130: =SI(O([@[Fecha_Programada_Inicio]]="";[@[Fecha_Inicio_Real]]="");"";SI([@[Fecha_Inicio_Real]]<=[@[Fecha_Programada_Inicio]];"SÍ";"NO")) | O130: =SI(O([@[Fecha_Programada_Fin]]="";[@[Fecha_Cierre_Operativo]]="");"";SI([@[Fecha_Cierre_Operativo]]<=SI([@[Fecha_Nueva_Programada]]<>"";[@[Fecha_Nueva_Programada]];[@[Fecha_Programada_Fin]]);"SÍ";"NO")) | P130: =SI(O([@[Cumpli_Ingreso]]="";[@[Cumpli_Salida]]="");"";SI(Y([@[Cumpli_Ingreso]]="SÍ";[@[Cumpli_Salida]]="SÍ");"SÍ";"NO")) | Q130: =SI(O([@[Fecha_Programada_Fin]]="";[@[Fecha_Cierre_Operativo]]="");"";MAX(0;ENTERO([@[Fecha_Cierre_Operativo]])-ENTERO(SI([@[Fecha_Nueva_Programada]]<>"";[@[Fecha_Nueva_Programada]];[@[Fecha_Programada_Fin]]))) | U130: 23 | W130: =SI.ERROR(SI(O([@[Fecha_Programada_Inicio]]="";[@[Fecha_Programada_Fin]]="");"";SI(Y([@[Fecha_Programada_Fin]]>=[@[Fecha_Programada_Inicio]];SI([@[Fecha_Cierre_Operativo]]="";VERDADERO;[@[Fecha_Cierre_Operativo]]>=[@[Fecha_Inicio_Real]]);SI([@[Fecha_Cierre_Administrativo]]="";VERDADERO;Y([@[Fecha_Cierre_Operativo]]<>"";[@[Fecha_Cierre_Administrativo]]>=[@[Fecha_Cierre_Operativo]])));"OK";"REVISAR"));"REVISAR") | X130: =SI([@SBAN]="";"";BUSCARV([@SBAN];Cronograma_Maestro!$A:$M;6;FALSO))
A131: 1448 | B131: =SI([@SBAN]="";"";BUSCARV([@SBAN];Cronograma_Maestro!$A:$M;2;FALSO)) | C131: =SI([@SBAN]="";"";BUSCARV([@SBAN];Cronograma_Maestro!$A:$M;3;FALSO)) | D131: =SI([@SBAN]="";"";BUSCARV([@SBAN];Cronograma_Maestro!$A:$M;4;FALSO)) | E131: =SI([@SBAN]="";"";BUSCARV([@SBAN];Cronograma_Maestro!$A:$M;5;FALSO)) | F131: Juan Pablo Osorio Ramirez | G131: PMU COLSOF | H131: 46322 | I131: 46322 | L131: Programada | N131: =SI(O([@[Fecha_Programada_Inicio]]="";[@[Fecha_Inicio_Real]]="");"";SI([@[Fecha_Inicio_Real]]<=[@[Fecha_Programada_Inicio]];"SÍ";"NO")) | O131: =SI(O([@[Fecha_Programada_Fin]]="";[@[Fecha_Cierre_Operativo]]="");"";SI([@[Fecha_Cierre_Operativo]]<=SI([@[Fecha_Nueva_Programada]]<>"";[@[Fecha_Nueva_Programada]];[@[Fecha_Programada_Fin]]);"SÍ";"NO")) | P131: =SI(O([@[Cumpli_Ingreso]]="";[@[Cumpli_Salida]]="");"";SI(Y([@[Cumpli_Ingreso]]="SÍ";[@[Cumpli_Salida]]="SÍ");"SÍ";"NO")) | Q131: =SI(O([@[Fecha_Programada_Fin]]="";[@[Fecha_Cierre_Operativo]]="");"";MAX(0;ENTERO([@[Fecha_Cierre_Operativo]])-ENTERO(SI([@[Fecha_Nueva_Programada]]<>"";[@[Fecha_Nueva_Programada]];[@[Fecha_Programada_Fin]]))) | U131: 13 | W131: =SI.ERROR(SI(O([@[Fecha_Programada_Inicio]]="";[@[Fecha_Programada_Fin]]="");"";SI(Y([@[Fecha_Programada_Fin]]>=[@[Fecha_Programada_Inicio]];SI([@[Fecha_Cierre_Operativo]]="";VERDADERO;[@[Fecha_Cierre_Operativo]]>=[@[Fecha_Inicio_Real]]);SI([@[Fecha_Cierre_Administrativo]]="";VERDADERO;Y([@[Fecha_Cierre_Operativo]]<>"";[@[Fecha_Cierre_Administrativo]]>=[@[Fecha_Cierre_Operativo]])));"OK";"REVISAR"));"REVISAR") | X131: =SI([@SBAN]="";"";BUSCARV([@SBAN];Cronograma_Maestro!$A:$M;6;FALSO))
A132: 1450 | B132: =SI([@SBAN]="";"";BUSCARV([@SBAN];Cronograma_Maestro!$A:$M;2;FALSO)) | C132: =SI([@SBAN]="";"";BUSCARV([@SBAN];Cronograma_Maestro!$A:$M;3;FALSO)) | D132: =SI([@SBAN]="";"";BUSCARV([@SBAN];Cronograma_Maestro!$A:$M;4;FALSO)) | E132: =SI([@SBAN]="";"";BUSCARV([@SBAN];Cronograma_Maestro!$A:$M;5;FALSO)) | F132: Ever Enrique Esquivel Movilla | G132: PMU COLSOF | H132: 46280 | I132: 46280 | L132: Programada | N132: =SI(O([@[Fecha_Programada_Inicio]]="";[@[Fecha_Inicio_Real]]="");"";SI([@[Fecha_Inicio_Real]]<=[@[Fecha_Programada_Inicio]];"SÍ";"NO")) | O132: =SI(O([@[Fecha_Programada_Fin]]="";[@[Fecha_Cierre_Operativo]]="");"";SI([@[Fecha_Cierre_Operativo]]<=SI([@[Fecha_Nueva_Programada]]<>"";[@[Fecha_Nueva_Programada]];[@[Fecha_Programada_Fin]]);"SÍ";"NO")) | P132: =SI(O([@[Cumpli_Ingreso]]="";[@[Cumpli_Salida]]="");"";SI(Y([@[Cumpli_Ingreso]]="SÍ";[@[Cumpli_Salida]]="SÍ");"SÍ";"NO")) | Q132: =SI(O([@[Fecha_Programada_Fin]]="";[@[Fecha_Cierre_Operativo]]="");"";MAX(0;ENTERO([@[Fecha_Cierre_Operativo]])-ENTERO(SI([@[Fecha_Nueva_Programada]]<>"";[@[Fecha_Nueva_Programada]];[@[Fecha_Programada_Fin]]))) | U132: 12 | W132: =SI.ERROR(SI(O([@[Fecha_Programada_Inicio]]="";[@[Fecha_Programada_Fin]]="");"";SI(Y([@[Fecha_Programada_Fin]]>=[@[Fecha_Programada_Inicio]];SI([@[Fecha_Cierre_Operativo]]="";VERDADERO;[@[Fecha_Cierre_Operativo]]>=[@[Fecha_Inicio_Real]]);SI([@[Fecha_Cierre_Administrativo]]="";VERDADERO;Y([@[Fecha_Cierre_Operativo]]<>"";[@[Fecha_Cierre_Administrativo]]>=[@[Fecha_Cierre_Operativo]])));"OK";"REVISAR"));"REVISAR") | X132: =SI([@SBAN]="";"";BUSCARV([@SBAN];Cronograma_Maestro!$A:$M;6;FALSO))
A133: 1452 | B133: =SI([@SBAN]="";"";BUSCARV([@SBAN];Cronograma_Maestro!$A:$M;2;FALSO)) | C133: =SI([@SBAN]="";"";BUSCARV([@SBAN];Cronograma_Maestro!$A:$M;3;FALSO)) | D133: =SI([@SBAN]="";"";BUSCARV([@SBAN];Cronograma_Maestro!$A:$M;4;FALSO)) | E133: =SI([@SBAN]="";"";BUSCARV([@SBAN];Cronograma_Maestro!$A:$M;5;FALSO)) | F133: Juan Pablo Osorio Ramirez | G133: PMU COLSOF | H133: 46315 | I133: 46315 | L133: Programada | N133: =SI(O([@[Fecha_Programada_Inicio]]="";[@[Fecha_Inicio_Real]]="");"";SI([@[Fecha_Inicio_Real]]<=[@[Fecha_Programada_Inicio]];"SÍ";"NO")) | O133: =SI(O([@[Fecha_Programada_Fin]]="";[@[Fecha_Cierre_Operativo]]="");"";SI([@[Fecha_Cierre_Operativo]]<=SI([@[Fecha_Nueva_Programada]]<>"";[@[Fecha_Nueva_Programada]];[@[Fecha_Programada_Fin]]);"SÍ";"NO")) | P133: =SI(O([@[Cumpli_Ingreso]]="";[@[Cumpli_Salida]]="");"";SI(Y([@[Cumpli_Ingreso]]="SÍ";[@[Cumpli_Salida]]="SÍ");"SÍ";"NO")) | Q133: =SI(O([@[Fecha_Programada_Fin]]="";[@[Fecha_Cierre_Operativo]]="");"";MAX(0;ENTERO([@[Fecha_Cierre_Operativo]])-ENTERO(SI([@[Fecha_Nueva_Programada]]<>"";[@[Fecha_Nueva_Programada]];[@[Fecha_Programada_Fin]]))) | U133: 12 | W133: =SI.ERROR(SI(O([@[Fecha_Programada_Inicio]]="";[@[Fecha_Programada_Fin]]="");"";SI(Y([@[Fecha_Programada_Fin]]>=[@[Fecha_Programada_Inicio]];SI([@[Fecha_Cierre_Operativo]]="";VERDADERO;[@[Fecha_Cierre_Operativo]]>=[@[Fecha_Inicio_Real]]);SI([@[Fecha_Cierre_Administrativo]]="";VERDADERO;Y([@[Fecha_Cierre_Operativo]]<>"";[@[Fecha_Cierre_Administrativo]]>=[@[Fecha_Cierre_Operativo]])));"OK";"REVISAR"));"REVISAR") | X133: =SI([@SBAN]="";"";BUSCARV([@SBAN];Cronograma_Maestro!$A:$M;6;FALSO))
A134: 1454 | B134: =SI([@SBAN]="";"";BUSCARV([@SBAN];Cronograma_Maestro!$A:$M;2;FALSO)) | C134: =SI([@SBAN]="";"";BUSCARV([@SBAN];Cronograma_Maestro!$A:$M;3;FALSO)) | D134: =SI([@SBAN]="";"";BUSCARV([@SBAN];Cronograma_Maestro!$A:$M;4;FALSO)) | E134: =SI([@SBAN]="";"";BUSCARV([@SBAN];Cronograma_Maestro!$A:$M;5;FALSO)) | F134: Juan Pablo Osorio Ramirez | G134: PMU COLSOF | H134: 46288 | I134: 46288 | L134: Programada | N134: =SI(O([@[Fecha_Programada_Inicio]]="";[@[Fecha_Inicio_Real]]="");"";SI([@[Fecha_Inicio_Real]]<=[@[Fecha_Programada_Inicio]];"SÍ";"NO")) | O134: =SI(O([@[Fecha_Programada_Fin]]="";[@[Fecha_Cierre_Operativo]]="");"";SI([@[Fecha_Cierre_Operativo]]<=SI([@[Fecha_Nueva_Programada]]<>"";[@[Fecha_Nueva_Programada]];[@[Fecha_Programada_Fin]]);"SÍ";"NO")) | P134: =SI(O([@[Cumpli_Ingreso]]="";[@[Cumpli_Salida]]="");"";SI(Y([@[Cumpli_Ingreso]]="SÍ";[@[Cumpli_Salida]]="SÍ");"SÍ";"NO")) | Q134: =SI(O([@[Fecha_Programada_Fin]]="";[@[Fecha_Cierre_Operativo]]="");"";MAX(0;ENTERO([@[Fecha_Cierre_Operativo]])-ENTERO(SI([@[Fecha_Nueva_Programada]]<>"";[@[Fecha_Nueva_Programada]];[@[Fecha_Programada_Fin]]))) | U134: 20 | W134: =SI.ERROR(SI(O([@[Fecha_Programada_Inicio]]="";[@[Fecha_Programada_Fin]]="");"";SI(Y([@[Fecha_Programada_Fin]]>=[@[Fecha_Programada_Inicio]];SI([@[Fecha_Cierre_Operativo]]="";VERDADERO;[@[Fecha_Cierre_Operativo]]>=[@[Fecha_Inicio_Real]]);SI([@[Fecha_Cierre_Administrativo]]="";VERDADERO;Y([@[Fecha_Cierre_Operativo]]<>"";[@[Fecha_Cierre_Administrativo]]>=[@[Fecha_Cierre_Operativo]])));"OK";"REVISAR"));"REVISAR") | X134: =SI([@SBAN]="";"";BUSCARV([@SBAN];Cronograma_Maestro!$A:$M;6;FALSO))
A135: 1456 | B135: =SI([@SBAN]="";"";BUSCARV([@SBAN];Cronograma_Maestro!$A:$M;2;FALSO)) | C135: =SI([@SBAN]="";"";BUSCARV([@SBAN];Cronograma_Maestro!$A:$M;3;FALSO)) | D135: =SI([@SBAN]="";"";BUSCARV([@SBAN];Cronograma_Maestro!$A:$M;4;FALSO)) | E135: =SI([@SBAN]="";"";BUSCARV([@SBAN];Cronograma_Maestro!$A:$M;5;FALSO)) | F135: Juan Pablo Osorio Ramirez | G135: PMU COLSOF | H135: 46287 | I135: 46287 | L135: Programada | N135: =SI(O([@[Fecha_Programada_Inicio]]="";[@[Fecha_Inicio_Real]]="");"";SI([@[Fecha_Inicio_Real]]<=[@[Fecha_Programada_Inicio]];"SÍ";"NO")) | O135: =SI(O([@[Fecha_Programada_Fin]]="";[@[Fecha_Cierre_Operativo]]="");"";SI([@[Fecha_Cierre_Operativo]]<=SI([@[Fecha_Nueva_Programada]]<>"";[@[Fecha_Nueva_Programada]];[@[Fecha_Programada_Fin]]);"SÍ";"NO")) | P135: =SI(O([@[Cumpli_Ingreso]]="";[@[Cumpli_Salida]]="");"";SI(Y([@[Cumpli_Ingreso]]="SÍ";[@[Cumpli_Salida]]="SÍ");"SÍ";"NO")) | Q135: =SI(O([@[Fecha_Programada_Fin]]="";[@[Fecha_Cierre_Operativo]]="");"";MAX(0;ENTERO([@[Fecha_Cierre_Operativo]])-ENTERO(SI([@[Fecha_Nueva_Programada]]<>"";[@[Fecha_Nueva_Programada]];[@[Fecha_Programada_Fin]]))) | U135: 13 | W135: =SI.ERROR(SI(O([@[Fecha_Programada_Inicio]]="";[@[Fecha_Programada_Fin]]="");"";SI(Y([@[Fecha_Programada_Fin]]>=[@[Fecha_Programada_Inicio]];SI([@[Fecha_Cierre_Operativo]]="";VERDADERO;[@[Fecha_Cierre_Operativo]]>=[@[Fecha_Inicio_Real]]);SI([@[Fecha_Cierre_Administrativo]]="";VERDADERO;Y([@[Fecha_Cierre_Operativo]]<>"";[@[Fecha_Cierre_Administrativo]]>=[@[Fecha_Cierre_Operativo]])));"OK";"REVISAR"));"REVISAR") | X135: =SI([@SBAN]="";"";BUSCARV([@SBAN];Cronograma_Maestro!$A:$M;6;FALSO))
A136: 1460 | B136: =SI([@SBAN]="";"";BUSCARV([@SBAN];Cronograma_Maestro!$A:$M;2;FALSO)) | C136: =SI([@SBAN]="";"";BUSCARV([@SBAN];Cronograma_Maestro!$A:$M;3;FALSO)) | D136: =SI([@SBAN]="";"";BUSCARV([@SBAN];Cronograma_Maestro!$A:$M;4;FALSO)) | E136: =SI([@SBAN]="";"";BUSCARV([@SBAN];Cronograma_Maestro!$A:$M;5;FALSO)) | F136: Ever Enrique Esquivel Movilla | G136: PMU COLSOF | H136: 46289 | I136: 46289 | L136: Programada | N136: =SI(O([@[Fecha_Programada_Inicio]]="";[@[Fecha_Inicio_Real]]="");"";SI([@[Fecha_Inicio_Real]]<=[@[Fecha_Programada_Inicio]];"SÍ";"NO")) | O136: =SI(O([@[Fecha_Programada_Fin]]="";[@[Fecha_Cierre_Operativo]]="");"";SI([@[Fecha_Cierre_Operativo]]<=SI([@[Fecha_Nueva_Programada]]<>"";[@[Fecha_Nueva_Programada]];[@[Fecha_Programada_Fin]]);"SÍ";"NO")) | P136: =SI(O([@[Cumpli_Ingreso]]="";[@[Cumpli_Salida]]="");"";SI(Y([@[Cumpli_Ingreso]]="SÍ";[@[Cumpli_Salida]]="SÍ");"SÍ";"NO")) | Q136: =SI(O([@[Fecha_Programada_Fin]]="";[@[Fecha_Cierre_Operativo]]="");"";MAX(0;ENTERO([@[Fecha_Cierre_Operativo]])-ENTERO(SI([@[Fecha_Nueva_Programada]]<>"";[@[Fecha_Nueva_Programada]];[@[Fecha_Programada_Fin]]))) | U136: 13 | W136: =SI.ERROR(SI(O([@[Fecha_Programada_Inicio]]="";[@[Fecha_Programada_Fin]]="");"";SI(Y([@[Fecha_Programada_Fin]]>=[@[Fecha_Programada_Inicio]];SI([@[Fecha_Cierre_Operativo]]="";VERDADERO;[@[Fecha_Cierre_Operativo]]>=[@[Fecha_Inicio_Real]]);SI([@[Fecha_Cierre_Administrativo]]="";VERDADERO;Y([@[Fecha_Cierre_Operativo]]<>"";[@[Fecha_Cierre_Administrativo]]>=[@[Fecha_Cierre_Operativo]])));"OK";"REVISAR"));"REVISAR") | X136: =SI([@SBAN]="";"";BUSCARV([@SBAN];Cronograma_Maestro!$A:$M;6;FALSO))
A137: 1462 | B137: =SI([@SBAN]="";"";BUSCARV([@SBAN];Cronograma_Maestro!$A:$M;2;FALSO)) | C137: =SI([@SBAN]="";"";BUSCARV([@SBAN];Cronograma_Maestro!$A:$M;3;FALSO)) | D137: =SI([@SBAN]="";"";BUSCARV([@SBAN];Cronograma_Maestro!$A:$M;4;FALSO)) | E137: =SI([@SBAN]="";"";BUSCARV([@SBAN];Cronograma_Maestro!$A:$M;5;FALSO)) | F137: Juan Pablo Osorio Ramirez | G137: PMU COLSOF | H137: 46296 | I137: 46296 | L137: Programada | N137: =SI(O([@[Fecha_Programada_Inicio]]="";[@[Fecha_Inicio_Real]]="");"";SI([@[Fecha_Inicio_Real]]<=[@[Fecha_Programada_Inicio]];"SÍ";"NO")) | O137: =SI(O([@[Fecha_Programada_Fin]]="";[@[Fecha_Cierre_Operativo]]="");"";SI([@[Fecha_Cierre_Operativo]]<=SI([@[Fecha_Nueva_Programada]]<>"";[@[Fecha_Nueva_Programada]];[@[Fecha_Programada_Fin]]);"SÍ";"NO")) | P137: =SI(O([@[Cumpli_Ingreso]]="";[@[Cumpli_Salida]]="");"";SI(Y([@[Cumpli_Ingreso]]="SÍ";[@[Cumpli_Salida]]="SÍ");"SÍ";"NO")) | Q137: =SI(O([@[Fecha_Programada_Fin]]="";[@[Fecha_Cierre_Operativo]]="");"";MAX(0;ENTERO([@[Fecha_Cierre_Operativo]])-ENTERO(SI([@[Fecha_Nueva_Programada]]<>"";[@[Fecha_Nueva_Programada]];[@[Fecha_Programada_Fin]]))) | U137: 12 | W137: =SI.ERROR(SI(O([@[Fecha_Programada_Inicio]]="";[@[Fecha_Programada_Fin]]="");"";SI(Y([@[Fecha_Programada_Fin]]>=[@[Fecha_Programada_Inicio]];SI([@[Fecha_Cierre_Operativo]]="";VERDADERO;[@[Fecha_Cierre_Operativo]]>=[@[Fecha_Inicio_Real]]);SI([@[Fecha_Cierre_Administrativo]]="";VERDADERO;Y([@[Fecha_Cierre_Operativo]]<>"";[@[Fecha_Cierre_Administrativo]]>=[@[Fecha_Cierre_Operativo]])));"OK";"REVISAR"));"REVISAR") | X137: =SI([@SBAN]="";"";BUSCARV([@SBAN];Cronograma_Maestro!$A:$M;6;FALSO))
A138: 1466 | B138: =SI([@SBAN]="";"";BUSCARV([@SBAN];Cronograma_Maestro!$A:$M;2;FALSO)) | C138: =SI([@SBAN]="";"";BUSCARV([@SBAN];Cronograma_Maestro!$A:$M;3;FALSO)) | D138: =SI([@SBAN]="";"";BUSCARV([@SBAN];Cronograma_Maestro!$A:$M;4;FALSO)) | E138: =SI([@SBAN]="";"";BUSCARV([@SBAN];Cronograma_Maestro!$A:$M;5;FALSO)) | F138: Juan Pablo Osorio Ramirez | G138: PMU COLSOF | H138: 46294 | I138: 46294 | L138: Programada | N138: =SI(O([@[Fecha_Programada_Inicio]]="";[@[Fecha_Inicio_Real]]="");"";SI([@[Fecha_Inicio_Real]]<=[@[Fecha_Programada_Inicio]];"SÍ";"NO")) | O138: =SI(O([@[Fecha_Programada_Fin]]="";[@[Fecha_Cierre_Operativo]]="");"";SI([@[Fecha_Cierre_Operativo]]<=SI([@[Fecha_Nueva_Programada]]<>"";[@[Fecha_Nueva_Programada]];[@[Fecha_Programada_Fin]]);"SÍ";"NO")) | P138: =SI(O([@[Cumpli_Ingreso]]="";[@[Cumpli_Salida]]="");"";SI(Y([@[Cumpli_Ingreso]]="SÍ";[@[Cumpli_Salida]]="SÍ");"SÍ";"NO")) | Q138: =SI(O([@[Fecha_Programada_Fin]]="";[@[Fecha_Cierre_Operativo]]="");"";MAX(0;ENTERO([@[Fecha_Cierre_Operativo]])-ENTERO(SI([@[Fecha_Nueva_Programada]]<>"";[@[Fecha_Nueva_Programada]];[@[Fecha_Programada_Fin]]))) | U138: 12 | W138: =SI.ERROR(SI(O([@[Fecha_Programada_Inicio]]="";[@[Fecha_Programada_Fin]]="");"";SI(Y([@[Fecha_Programada_Fin]]>=[@[Fecha_Programada_Inicio]];SI([@[Fecha_Cierre_Operativo]]="";VERDADERO;[@[Fecha_Cierre_Operativo]]>=[@[Fecha_Inicio_Real]]);SI([@[Fecha_Cierre_Administrativo]]="";VERDADERO;Y([@[Fecha_Cierre_Operativo]]<>"";[@[Fecha_Cierre_Administrativo]]>=[@[Fecha_Cierre_Operativo]])));"OK";"REVISAR"));"REVISAR") | X138: =SI([@SBAN]="";"";BUSCARV([@SBAN];Cronograma_Maestro!$A:$M;6;FALSO))
A139: 1470 | B139: =SI([@SBAN]="";"";BUSCARV([@SBAN];Cronograma_Maestro!$A:$M;2;FALSO)) | C139: =SI([@SBAN]="";"";BUSCARV([@SBAN];Cronograma_Maestro!$A:$M;3;FALSO)) | D139: =SI([@SBAN]="";"";BUSCARV([@SBAN];Cronograma_Maestro!$A:$M;4;FALSO)) | E139: =SI([@SBAN]="";"";BUSCARV([@SBAN];Cronograma_Maestro!$A:$M;5;FALSO)) | F139: Juan Pablo Osorio Ramirez | G139: PMU COLSOF | H139: 46323 | I139: 46323 | L139: Programada | N139: =SI(O([@[Fecha_Programada_Inicio]]="";[@[Fecha_Inicio_Real]]="");"";SI([@[Fecha_Inicio_Real]]<=[@[Fecha_Programada_Inicio]];"SÍ";"NO")) | O139: =SI(O([@[Fecha_Programada_Fin]]="";[@[Fecha_Cierre_Operativo]]="");"";SI([@[Fecha_Cierre_Operativo]]<=SI([@[Fecha_Nueva_Programada]]<>"";[@[Fecha_Nueva_Programada]];[@[Fecha_Programada_Fin]]);"SÍ";"NO")) | P139: =SI(O([@[Cumpli_Ingreso]]="";[@[Cumpli_Salida]]="");"";SI(Y([@[Cumpli_Ingreso]]="SÍ";[@[Cumpli_Salida]]="SÍ");"SÍ";"NO")) | Q139: =SI(O([@[Fecha_Programada_Fin]]="";[@[Fecha_Cierre_Operativo]]="");"";MAX(0;ENTERO([@[Fecha_Cierre_Operativo]])-ENTERO(SI([@[Fecha_Nueva_Programada]]<>"";[@[Fecha_Nueva_Programada]];[@[Fecha_Programada_Fin]]))) | U139: 16 | W139: =SI.ERROR(SI(O([@[Fecha_Programada_Inicio]]="";[@[Fecha_Programada_Fin]]="");"";SI(Y([@[Fecha_Programada_Fin]]>=[@[Fecha_Programada_Inicio]];SI([@[Fecha_Cierre_Operativo]]="";VERDADERO;[@[Fecha_Cierre_Operativo]]>=[@[Fecha_Inicio_Real]]);SI([@[Fecha_Cierre_Administrativo]]="";VERDADERO;Y([@[Fecha_Cierre_Operativo]]<>"";[@[Fecha_Cierre_Administrativo]]>=[@[Fecha_Cierre_Operativo]])));"OK";"REVISAR"));"REVISAR") | X139: =SI([@SBAN]="";"";BUSCARV([@SBAN];Cronograma_Maestro!$A:$M;6;FALSO))
A140: 1471 | B140: =SI([@SBAN]="";"";BUSCARV([@SBAN];Cronograma_Maestro!$A:$M;2;FALSO)) | C140: =SI([@SBAN]="";"";BUSCARV([@SBAN];Cronograma_Maestro!$A:$M;3;FALSO)) | D140: =SI([@SBAN]="";"";BUSCARV([@SBAN];Cronograma_Maestro!$A:$M;4;FALSO)) | E140: =SI([@SBAN]="";"";BUSCARV([@SBAN];Cronograma_Maestro!$A:$M;5;FALSO)) | F140: Juan Pablo Osorio Ramirez | G140: PMU COLSOF | H140: 46301 | I140: 46301 | L140: Programada | N140: =SI(O([@[Fecha_Programada_Inicio]]="";[@[Fecha_Inicio_Real]]="");"";SI([@[Fecha_Inicio_Real]]<=[@[Fecha_Programada_Inicio]];"SÍ";"NO")) | O140: =SI(O([@[Fecha_Programada_Fin]]="";[@[Fecha_Cierre_Operativo]]="");"";SI([@[Fecha_Cierre_Operativo]]<=SI([@[Fecha_Nueva_Programada]]<>"";[@[Fecha_Nueva_Programada]];[@[Fecha_Programada_Fin]]);"SÍ";"NO")) | P140: =SI(O([@[Cumpli_Ingreso]]="";[@[Cumpli_Salida]]="");"";SI(Y([@[Cumpli_Ingreso]]="SÍ";[@[Cumpli_Salida]]="SÍ");"SÍ";"NO")) | Q140: =SI(O([@[Fecha_Programada_Fin]]="";[@[Fecha_Cierre_Operativo]]="");"";MAX(0;ENTERO([@[Fecha_Cierre_Operativo]])-ENTERO(SI([@[Fecha_Nueva_Programada]]<>"";[@[Fecha_Nueva_Programada]];[@[Fecha_Programada_Fin]]))) | U140: 12 | W140: =SI.ERROR(SI(O([@[Fecha_Programada_Inicio]]="";[@[Fecha_Programada_Fin]]="");"";SI(Y([@[Fecha_Programada_Fin]]>=[@[Fecha_Programada_Inicio]];SI([@[Fecha_Cierre_Operativo]]="";VERDADERO;[@[Fecha_Cierre_Operativo]]>=[@[Fecha_Inicio_Real]]);SI([@[Fecha_Cierre_Administrativo]]="";VERDADERO;Y([@[Fecha_Cierre_Operativo]]<>"";[@[Fecha_Cierre_Administrativo]]>=[@[Fecha_Cierre_Operativo]])));"OK";"REVISAR"));"REVISAR") | X140: =SI([@SBAN]="";"";BUSCARV([@SBAN];Cronograma_Maestro!$A:$M;6;FALSO))
A141: 1472 | B141: =SI([@SBAN]="";"";BUSCARV([@SBAN];Cronograma_Maestro!$A:$M;2;FALSO)) | C141: =SI([@SBAN]="";"";BUSCARV([@SBAN];Cronograma_Maestro!$A:$M;3;FALSO)) | D141: =SI([@SBAN]="";"";BUSCARV([@SBAN];Cronograma_Maestro!$A:$M;4;FALSO)) | E141: =SI([@SBAN]="";"";BUSCARV([@SBAN];Cronograma_Maestro!$A:$M;5;FALSO)) | F141: Juan Pablo Osorio Ramirez | G141: PMU COLSOF | H141: 46268 | I141: 46268 | L141: Programada | N141: =SI(O([@[Fecha_Programada_Inicio]]="";[@[Fecha_Inicio_Real]]="");"";SI([@[Fecha_Inicio_Real]]<=[@[Fecha_Programada_Inicio]];"SÍ";"NO")) | O141: =SI(O([@[Fecha_Programada_Fin]]="";[@[Fecha_Cierre_Operativo]]="");"";SI([@[Fecha_Cierre_Operativo]]<=SI([@[Fecha_Nueva_Programada]]<>"";[@[Fecha_Nueva_Programada]];[@[Fecha_Programada_Fin]]);"SÍ";"NO")) | P141: =SI(O([@[Cumpli_Ingreso]]="";[@[Cumpli_Salida]]="");"";SI(Y([@[Cumpli_Ingreso]]="SÍ";[@[Cumpli_Salida]]="SÍ");"SÍ";"NO")) | Q141: =SI(O([@[Fecha_Programada_Fin]]="";[@[Fecha_Cierre_Operativo]]="");"";MAX(0;ENTERO([@[Fecha_Cierre_Operativo]])-ENTERO(SI([@[Fecha_Nueva_Programada]]<>"";[@[Fecha_Nueva_Programada]];[@[Fecha_Programada_Fin]]))) | U141: 17 | W141: =SI.ERROR(SI(O([@[Fecha_Programada_Inicio]]="";[@[Fecha_Programada_Fin]]="");"";SI(Y([@[Fecha_Programada_Fin]]>=[@[Fecha_Programada_Inicio]];SI([@[Fecha_Cierre_Operativo]]="";VERDADERO;[@[Fecha_Cierre_Operativo]]>=[@[Fecha_Inicio_Real]]);SI([@[Fecha_Cierre_Administrativo]]="";VERDADERO;Y([@[Fecha_Cierre_Operativo]]<>"";[@[Fecha_Cierre_Administrativo]]>=[@[Fecha_Cierre_Operativo]])));"OK";"REVISAR"));"REVISAR") | X141: =SI([@SBAN]="";"";BUSCARV([@SBAN];Cronograma_Maestro!$A:$M;6;FALSO))
... A154: 1505 | B154: =SI([@SBAN]="";"";BUSCARV([@SBAN];Cronograma_Maestro!$A:$M;2;FALSO)) | C154: =SI([@SBAN]="";"";BUSCARV([@SBAN];Cronograma_Maestro!$A:$M;3;FALSO)) | D154: =SI([@SBAN]="";"";BUSCARV([@SBAN];Cronograma_Maestro!$A:$M;4;FALSO)) | E154: =SI([@SBAN]="";"";BUSCARV([@SBAN];Cronograma_Maestro!$A:$M;5;FALSO)) | F154: CRISTIAN CAMILO DIAZ NOY | G154: PMU COLSOF | H154: 46275 | I154: 46276 | L154: Programada | N154: =SI(O([@[Fecha_Programada_Inicio]]="";[@[Fecha_Inicio_Real]]="");"";SI([@[Fecha_Inicio_Real]]<=[@[Fecha_Programada_Inicio]];"SÍ";"NO")) | O154: =SI(O([@[Fecha_Programada_Fin]]="";[@[Fecha_Cierre_Operativo]]="");"";SI([@[Fecha_Cierre_Operativo]]<=SI([@[Fecha_Nueva_Programada]]<>"";[@[Fecha_Nueva_Programada]];[@[Fecha_Programada_Fin]]);"SÍ";"NO")) | P154: =SI(O([@[Cumpli_Ingreso]]="";[@[Cumpli_Salida]]="");"";SI(Y([@[Cumpli_Ingreso]]="SÍ";[@[Cumpli_Salida]]="SÍ");"SÍ";"NO")) | Q154: =SI(O([@[Fecha_Programada_Fin]]="";[@[Fecha_Cierre_Operativo]]="");"";MAX(0;ENTERO([@[Fecha_Cierre_Operativo]])-ENTERO(SI([@[Fecha_Nueva_Programada]]<>"";[@[Fecha_Nueva_Programada]];[@[Fecha_Programada_Fin]]))) | U154: 13 | W154: =SI.ERROR(SI(O([@[Fecha_Programada_Inicio]]="";[@[Fecha_Programada_Fin]]="");"";SI(Y([@[Fecha_Programada_Fin]]>=[@[Fecha_Programada_Inicio]];SI([@[Fecha_Cierre_Operativo]]="";VERDADERO;[@[Fecha_Cierre_Operativo]]>=[@[Fecha_Inicio_Real]]);SI([@[Fecha_Cierre_Administrativo]]="";VERDADERO;Y([@[Fecha_Cierre_Operativo]]<>"";[@[Fecha_Cierre_Administrativo]]>=[@[Fecha_Cierre_Operativo]])));"OK";"REVISAR"));"REVISAR") | X154: =SI([@SBAN]="";"";BUSCARV([@SBAN];Cronograma_Maestro!$A:$M;6;FALSO))
A155: 1506 | B155: =SI([@SBAN]="";"";BUSCARV([@SBAN];Cronograma_Maestro!$A:$M;2;FALSO)) | C155: =SI([@SBAN]="";"";BUSCARV([@SBAN];Cronograma_Maestro!$A:$M;3;FALSO)) | D155: =SI([@SBAN]="";"";BUSCARV([@SBAN];Cronograma_Maestro!$A:$M;4;FALSO)) | E155: =SI([@SBAN]="";"";BUSCARV([@SBAN];Cronograma_Maestro!$A:$M;5;FALSO)) | F155: Luz Nélida Barragán Toro | G155: PMU COLSOF | H155: 46266 | I155: 46267 | J155: 46266 | L155: En Proceso | N155: =SI(O([@[Fecha_Programada_Inicio]]="";[@[Fecha_Inicio_Real]]="");"";SI([@[Fecha_Inicio_Real]]<=[@[Fecha_Programada_Inicio]];"SÍ";"NO")) | O155: =SI(O([@[Fecha_Programada_Fin]]="";[@[Fecha_Cierre_Operativo]]="");"";SI([@[Fecha_Cierre_Operativo]]<=SI([@[Fecha_Nueva_Programada]]<>"";[@[Fecha_Nueva_Programada]];[@[Fecha_Programada_Fin]]);"SÍ";"NO")) | P155: =SI(O([@[Cumpli_Ingreso]]="";[@[Cumpli_Salida]]="");"";SI(Y([@[Cumpli_Ingreso]]="SÍ";[@[Cumpli_Salida]]="SÍ");"SÍ";"NO")) | Q155: =SI(O([@[Fecha_Programada_Fin]]="";[@[Fecha_Cierre_Operativo]]="");"";MAX(0;ENTERO([@[Fecha_Cierre_Operativo]])-ENTERO(SI([@[Fecha_Nueva_Programada]]<>"";[@[Fecha_Nueva_Programada]];[@[Fecha_Programada_Fin]]))) | U155: 14 | W155: =SI.ERROR(SI(O([@[Fecha_Programada_Inicio]]="";[@[Fecha_Programada_Fin]]="");"";SI(Y([@[Fecha_Programada_Fin]]>=[@[Fecha_Programada_Inicio]];SI([@[Fecha_Cierre_Operativo]]="";VERDADERO;[@[Fecha_Cierre_Operativo]]>=[@[Fecha_Inicio_Real]]);SI([@[Fecha_Cierre_Administrativo]]="";VERDADERO;Y([@[Fecha_Cierre_Operativo]]<>"";[@[Fecha_Cierre_Administrativo]]>=[@[Fecha_Cierre_Operativo]])));"OK";"REVISAR"));"REVISAR") | X155: =SI([@SBAN]="";"";BUSCARV([@SBAN];Cronograma_Maestro!$A:$M;6;FALSO))
A156: 1507 | B156: =SI([@SBAN]="";"";BUSCARV([@SBAN];Cronograma_Maestro!$A:$M;2;FALSO)) | C156: =SI([@SBAN]="";"";BUSCARV([@SBAN];Cronograma_Maestro!$A:$M;3;FALSO)) | D156: =SI([@SBAN]="";"";BUSCARV([@SBAN];Cronograma_Maestro!$A:$M;4;FALSO)) | E156: =SI([@SBAN]="";"";BUSCARV([@SBAN];Cronograma_Maestro!$A:$M;5;FALSO)) | F156: Andrés Felipe Díaz Noy | G156: PMU COLSOF | H156: 46289 | I156: 46290 | L156: Programada | N156: =SI(O([@[Fecha_Programada_Inicio]]="";[@[Fecha_Inicio_Real]]="");"";SI([@[Fecha_Inicio_Real]]<=[@[Fecha_Programada_Inicio]];"SÍ";"NO")) | O156: =SI(O([@[Fecha_Programada_Fin]]="";[@[Fecha_Cierre_Operativo]]="");"";SI([@[Fecha_Cierre_Operativo]]<=SI([@[Fecha_Nueva_Programada]]<>"";[@[Fecha_Nueva_Programada]];[@[Fecha_Programada_Fin]]);"SÍ";"NO")) | P156: =SI(O([@[Cumpli_Ingreso]]="";[@[Cumpli_Salida]]="");"";SI(Y([@[Cumpli_Ingreso]]="SÍ";[@[Cumpli_Salida]]="SÍ");"SÍ";"NO")) | Q156: =SI(O([@[Fecha_Programada_Fin]]="";[@[Fecha_Cierre_Operativo]]="");"";MAX(0;ENTERO([@[Fecha_Cierre_Operativo]])-ENTERO(SI([@[Fecha_Nueva_Programada]]<>"";[@[Fecha_Nueva_Programada]];[@[Fecha_Programada_Fin]]))) | U156: 49 | W156: =SI.ERROR(SI(O([@[Fecha_Programada_Inicio]]="";[@[Fecha_Programada_Fin]]="");"";SI(Y([@[Fecha_Programada_Fin]]>=[@[Fecha_Programada_Inicio]];SI([@[Fecha_Cierre_Operativo]]="";VERDADERO;[@[Fecha_Cierre_Operativo]]>=[@[Fecha_Inicio_Real]]);SI([@[Fecha_Cierre_Administrativo]]="";VERDADERO;Y([@[Fecha_Cierre_Operativo]]<>"";[@[Fecha_Cierre_Administrativo]]>=[@[Fecha_Cierre_Operativo]])));"OK";"REVISAR"));"REVISAR") | X156: =SI([@SBAN]="";"";BUSCARV([@SBAN];Cronograma_Maestro!$A:$M;6;FALSO))
A157: 1509 | B157: =SI([@SBAN]="";"";BUSCARV([@SBAN];Cronograma_Maestro!$A:$M;2;FALSO)) | C157: =SI([@SBAN]="";"";BUSCARV([@SBAN];Cronograma_Maestro!$A:$M;3;FALSO)) | D157: =SI([@SBAN]="";"";BUSCARV([@SBAN];Cronograma_Maestro!$A:$M;4;FALSO)) | E157: =SI([@SBAN]="";"";BUSCARV([@SBAN];Cronograma_Maestro!$A:$M;5;FALSO)) | F157: Andrés Felipe Carvajal Pire | G157: PMU COLSOF | H157: 46274 | I157: 46275 | L157: Programada | N157: =SI(O([@[Fecha_Programada_Inicio]]="";[@[Fecha_Inicio_Real]]="");"";SI([@[Fecha_Inicio_Real]]<=[@[Fecha_Programada_Inicio]];"SÍ";"NO")) | O157: =SI(O([@[Fecha_Programada_Fin]]="";[@[Fecha_Cierre_Operativo]]="");"";SI([@[Fecha_Cierre_Operativo]]<=SI([@[Fecha_Nueva_Programada]]<>"";[@[Fecha_Nueva_Programada]];[@[Fecha_Programada_Fin]]);"SÍ";"NO")) | P157: =SI(O([@[Cumpli_Ingreso]]="";[@[Cumpli_Salida]]="");"";SI(Y([@[Cumpli_Ingreso]]="SÍ";[@[Cumpli_Salida]]="SÍ");"SÍ";"NO")) | Q157: =SI(O([@[Fecha_Programada_Fin]]="";[@[Fecha_Cierre_Operativo]]="");"";MAX(0;ENTERO([@[Fecha_Cierre_Operativo]])-ENTERO(SI([@[Fecha_Nueva_Programada]]<>"";[@[Fecha_Nueva_Programada]];[@[Fecha_Programada_Fin]]))) | U157: 12 | W157: =SI.ERROR(SI(O([@[Fecha_Programada_Inicio]]="";[@[Fecha_Programada_Fin]]="");"";SI(Y([@[Fecha_Programada_Fin]]>=[@[Fecha_Programada_Inicio]];SI([@[Fecha_Cierre_Operativo]]="";VERDADERO;[@[Fecha_Cierre_Operativo]]>=[@[Fecha_Inicio_Real]]);SI([@[Fecha_Cierre_Administrativo]]="";VERDADERO;Y([@[Fecha_Cierre_Operativo]]<>"";[@[Fecha_Cierre_Administrativo]]>=[@[Fecha_Cierre_Operativo]])));"OK";"REVISAR"));"REVISAR") | X157: =SI([@SBAN]="";"";BUSCARV([@SBAN];Cronograma_Maestro!$A:$M;6;FALSO))
A158: 1510 | B158: =SI([@SBAN]="";"";BUSCARV([@SBAN];Cronograma_Maestro!$A:$M;2;FALSO)) | C158: =SI([@SBAN]="";"";BUSCARV([@SBAN];Cronograma_Maestro!$A:$M;3;FALSO)) | D158: =SI([@SBAN]="";"";BUSCARV([@SBAN];Cronograma_Maestro!$A:$M;4;FALSO)) | E158: =SI([@SBAN]="";"";BUSCARV([@SBAN];Cronograma_Maestro!$A:$M;5;FALSO)) | F158: Andrés Felipe Carvajal Pire | G158: PMU COLSOF | H158: 46293 | I158: 46294 | L158: Programada | N158: =SI(O([@[Fecha_Programada_Inicio]]="";[@[Fecha_Inicio_Real]]="");"";SI([@[Fecha_Inicio_Real]]<=[@[Fecha_Programada_Inicio]];"SÍ";"NO")) | O158: =SI(O([@[Fecha_Programada_Fin]]="";[@[Fecha_Cierre_Operativo]]="");"";SI([@[Fecha_Cierre_Operativo]]<=SI([@[Fecha_Nueva_Programada]]<>"";[@[Fecha_Nueva_Programada]];[@[Fecha_Programada_Fin]]);"SÍ";"NO")) | P158: =SI(O([@[Cumpli_Ingreso]]="";[@[Cumpli_Salida]]="");"";SI(Y([@[Cumpli_Ingreso]]="SÍ";[@[Cumpli_Salida]]="SÍ");"SÍ";"NO")) | Q158: =SI(O([@[Fecha_Programada_Fin]]="";[@[Fecha_Cierre_Operativo]]="");"";MAX(0;ENTERO([@[Fecha_Cierre_Operativo]])-ENTERO(SI([@[Fecha_Nueva_Programada]]<>"";[@[Fecha_Nueva_Programada]];[@[Fecha_Programada_Fin]]))) | U158: 14 | W158: =SI.ERROR(SI(O([@[Fecha_Programada_Inicio]]="";[@[Fecha_Programada_Fin]]="");"";SI(Y([@[Fecha_Programada_Fin]]>=[@[Fecha_Programada_Inicio]];SI([@[Fecha_Cierre_Operativo]]="";VERDADERO;[@[Fecha_Cierre_Operativo]]>=[@[Fecha_Inicio_Real]]);SI([@[Fecha_Cierre_Administrativo]]="";VERDADERO;Y([@[Fecha_Cierre_Operativo]]<>"";[@[Fecha_Cierre_Administrativo]]>=[@[Fecha_Cierre_Operativo]])));"OK";"REVISAR"));"REVISAR") | X158: =SI([@SBAN]="";"";BUSCARV([@SBAN];Cronograma_Maestro!$A:$M;6;FALSO))
A159: 1511 | B159: =SI([@SBAN]="";"";BUSCARV([@SBAN];Cronograma_Maestro!$A:$M;2;FALSO)) | C159: =SI([@SBAN]="";"";BUSCARV([@SBAN];Cronograma_Maestro!$A:$M;3;FALSO)) | D159: =SI([@SBAN]="";"";BUSCARV([@SBAN];Cronograma_Maestro!$A:$M;4;FALSO)) | E159: =SI([@SBAN]="";"";BUSCARV([@SBAN];Cronograma_Maestro!$A:$M;5;FALSO)) | F159: Andrés Felipe Carvajal Pire | G159: PMU COLSOF | H159: 46290 | I159: 46290 | L159: Programada | N159: =SI(O([@[Fecha_Programada_Inicio]]="";[@[Fecha_Inicio_Real]]="");"";SI([@[Fecha_Inicio_Real]]<=[@[Fecha_Programada_Inicio]];"SÍ";"NO")) | O159: =SI(O([@[Fecha_Programada_Fin]]="";[@[Fecha_Cierre_Operativo]]="");"";SI([@[Fecha_Cierre_Operativo]]<=SI([@[Fecha_Nueva_Programada]]<>"";[@[Fecha_Nueva_Programada]];[@[Fecha_Programada_Fin]]);"SÍ";"NO")) | P159: =SI(O([@[Cumpli_Ingreso]]="";[@[Cumpli_Salida]]="");"";SI(Y([@[Cumpli_Ingreso]]="SÍ";[@[Cumpli_Salida]]="SÍ");"SÍ";"NO")) | Q159: =SI(O([@[Fecha_Programada_Fin]]="";[@[Fecha_Cierre_Operativo]]="");"";MAX(0;ENTERO([@[Fecha_Cierre_Operativo]])-ENTERO(SI([@[Fecha_Nueva_Programada]]<>"";[@[Fecha_Nueva_Programada]];[@[Fecha_Programada_Fin]]))) | U159: 30 | W159: =SI.ERROR(SI(O([@[Fecha_Programada_Inicio]]="";[@[Fecha_Programada_Fin]]="");"";SI(Y([@[Fecha_Programada_Fin]]>=[@[Fecha_Programada_Inicio]];SI([@[Fecha_Cierre_Operativo]]="";VERDADERO;[@[Fecha_Cierre_Operativo]]>=[@[Fecha_Inicio_Real]]);SI([@[Fecha_Cierre_Administrativo]]="";VERDADERO;Y([@[Fecha_Cierre_Operativo]]<>"";[@[Fecha_Cierre_Administrativo]]>=[@[Fecha_Cierre_Operativo]])));"OK";"REVISAR"));"REVISAR") | X159: =SI([@SBAN]="";"";BUSCARV([@SBAN];Cronograma_Maestro!$A:$M;6;FALSO))
A160: 1512 | B160: =SI([@SBAN]="";"";BUSCARV([@SBAN];Cronograma_Maestro!$A:$M;2;FALSO)) | C160: =SI([@SBAN]="";"";BUSCARV([@SBAN];Cronograma_Maestro!$A:$M;3;FALSO)) | D160: =SI([@SBAN]="";"";BUSCARV([@SBAN];Cronograma_Maestro!$A:$M;4;FALSO)) | E160: =SI([@SBAN]="";"";BUSCARV([@SBAN];Cronograma_Maestro!$A:$M;5;FALSO)) | F160: Andrés Felipe Carvajal Pire | G160: PMU COLSOF | H160: 46273 | I160: 46274 | L160: Programada | N160: =SI(O([@[Fecha_Programada_Inicio]]="";[@[Fecha_Inicio_Real]]="");"";SI([@[Fecha_Inicio_Real]]<=[@[Fecha_Programada_Inicio]];"SÍ";"NO")) | O160: =SI(O([@[Fecha_Programada_Fin]]="";[@[Fecha_Cierre_Operativo]]="");"";SI([@[Fecha_Cierre_Operativo]]<=SI([@[Fecha_Nueva_Programada]]<>"";[@[Fecha_Nueva_Programada]];[@[Fecha_Programada_Fin]]);"SÍ";"NO")) | P160: =SI(O([@[Cumpli_Ingreso]]="";[@[Cumpli_Salida]]="");"";SI(Y([@[Cumpli_Ingreso]]="SÍ";[@[Cumpli_Salida]]="SÍ");"SÍ";"NO")) | Q160: =SI(O([@[Fecha_Programada_Fin]]="";[@[Fecha_Cierre_Operativo]]="");"";MAX(0;ENTERO([@[Fecha_Cierre_Operativo]])-ENTERO(SI([@[Fecha_Nueva_Programada]]<>"";[@[Fecha_Nueva_Programada]];[@[Fecha_Programada_Fin]]))) | U160: 12 | W160: =SI.ERROR(SI(O([@[Fecha_Programada_Inicio]]="";[@[Fecha_Programada_Fin]]="");"";SI(Y([@[Fecha_Programada_Fin]]>=[@[Fecha_Programada_Inicio]];SI([@[Fecha_Cierre_Operativo]]="";VERDADERO;[@[Fecha_Cierre_Operativo]]>=[@[Fecha_Inicio_Real]]);SI([@[Fecha_Cierre_Administrativo]]="";VERDADERO;Y([@[Fecha_Cierre_Operativo]]<>"";[@[Fecha_Cierre_Administrativo]]>=[@[Fecha_Cierre_Operativo]])));"OK";"REVISAR"));"REVISAR") | X160: =SI([@SBAN]="";"";BUSCARV([@SBAN];Cronograma_Maestro!$A:$M;6;FALSO))
A161: 1514 | B161: =SI([@SBAN]="";"";BUSCARV([@SBAN];Cronograma_Maestro!$A:$M;2;FALSO)) | C161: =SI([@SBAN]="";"";BUSCARV([@SBAN];Cronograma_Maestro!$A:$M;3;FALSO)) | D161: =SI([@SBAN]="";"";BUSCARV([@SBAN];Cronograma_Maestro!$A:$M;4;FALSO)) | E161: =SI([@SBAN]="";"";BUSCARV([@SBAN];Cronograma_Maestro!$A:$M;5;FALSO)) | F161: Andrés Felipe Díaz Noy | G161: PMU COLSOF | H161: 46268 | I161: 46269 | L161: Programada | N161: =SI(O([@[Fecha_Programada_Inicio]]="";[@[Fecha_Inicio_Real]]="");"";SI([@[Fecha_Inicio_Real]]<=[@[Fecha_Programada_Inicio]];"SÍ";"NO")) | O161: =SI(O([@[Fecha_Programada_Fin]]="";[@[Fecha_Cierre_Operativo]]="");"";SI([@[Fecha_Cierre_Operativo]]<=SI([@[Fecha_Nueva_Programada]]<>"";[@[Fecha_Nueva_Programada]];[@[Fecha_Programada_Fin]]);"SÍ";"NO")) | P161: =SI(O([@[Cumpli_Ingreso]]="";[@[Cumpli_Salida]]="");"";SI(Y([@[Cumpli_Ingreso]]="SÍ";[@[Cumpli_Salida]]="SÍ");"SÍ";"NO")) | Q161: =SI(O([@[Fecha_Programada_Fin]]="";[@[Fecha_Cierre_Operativo]]="");"";MAX(0;ENTERO([@[Fecha_Cierre_Operativo]])-ENTERO(SI([@[Fecha_Nueva_Programada]]<>"";[@[Fecha_Nueva_Programada]];[@[Fecha_Programada_Fin]]))) | U161: 12 | W161: =SI.ERROR(SI(O([@[Fecha_Programada_Inicio]]="";[@[Fecha_Programada_Fin]]="");"";SI(Y([@[Fecha_Programada_Fin]]>=[@[Fecha_Programada_Inicio]];SI([@[Fecha_Cierre_Operativo]]="";VERDADERO;[@[Fecha_Cierre_Operativo]]>=[@[Fecha_Inicio_Real]]);SI([@[Fecha_Cierre_Administrativo]]="";VERDADERO;Y([@[Fecha_Cierre_Operativo]]<>"";[@[Fecha_Cierre_Administrativo]]>=[@[Fecha_Cierre_Operativo]])));"OK";"REVISAR"));"REVISAR") | X161: =SI([@SBAN]="";"";BUSCARV([@SBAN];Cronograma_Maestro!$A:$M;6;FALSO))
A162: 1515 | B162: =SI([@SBAN]="";"";BUSCARV([@SBAN];Cronograma_Maestro!$A:$M;2;FALSO)) | C162: =SI([@SBAN]="";"";BUSCARV([@SBAN];Cronograma_Maestro!$A:$M;3;FALSO)) | D162: =SI([@SBAN]="";"";BUSCARV([@SBAN];Cronograma_Maestro!$A:$M;4;FALSO)) | E162: =SI([@SBAN]="";"";BUSCARV([@SBAN];Cronograma_Maestro!$A:$M;5;FALSO)) | F162: Luz Nélida Barragán Toro | G162: PMU COLSOF | H162: 46269 | I162: 46269 | L162: Programada | N162: =SI(O([@[Fecha_Programada_Inicio]]="";[@[Fecha_Inicio_Real]]="");"";SI([@[Fecha_Inicio_Real]]<=[@[Fecha_Programada_Inicio]];"SÍ";"NO")) | O162: =SI(O([@[Fecha_Programada_Fin]]="";[@[Fecha_Cierre_Operativo]]="");"";SI([@[Fecha_Cierre_Operativo]]<=SI([@[Fecha_Nueva_Programada]]<>"";[@[Fecha_Nueva_Programada]];[@[Fecha_Programada_Fin]]);"SÍ";"NO")) | P162: =SI(O([@[Cumpli_Ingreso]]="";[@[Cumpli_Salida]]="");"";SI(Y([@[Cumpli_Ingreso]]="SÍ";[@[Cumpli_Salida]]="SÍ");"SÍ";"NO")) | Q162: =SI(O([@[Fecha_Programada_Fin]]="";[@[Fecha_Cierre_Operativo]]="");"";MAX(0;ENTERO([@[Fecha_Cierre_Operativo]])-ENTERO(SI([@[Fecha_Nueva_Programada]]<>"";[@[Fecha_Nueva_Programada]];[@[Fecha_Programada_Fin]]))) | U162: 12 | W162: =SI.ERROR(SI(O([@[Fecha_Programada_Inicio]]="";[@[Fecha_Programada_Fin]]="");"";SI(Y([@[Fecha_Programada_Fin]]>=[@[Fecha_Programada_Inicio]];SI([@[Fecha_Cierre_Operativo]]="";VERDADERO;[@[Fecha_Cierre_Operativo]]>=[@[Fecha_Inicio_Real]]);SI([@[Fecha_Cierre_Administrativo]]="";VERDADERO;Y([@[Fecha_Cierre_Operativo]]<>"";[@[Fecha_Cierre_Administrativo]]>=[@[Fecha_Cierre_Operativo]])));"OK";"REVISAR"));"REVISAR") | X162: =SI([@SBAN]="";"";BUSCARV([@SBAN];Cronograma_Maestro!$A:$M;6;FALSO))
A163: 1516 | B163: =SI([@SBAN]="";"";BUSCARV([@SBAN];Cronograma_Maestro!$A:$M;2;FALSO)) | C163: =SI([@SBAN]="";"";BUSCARV([@SBAN];Cronograma_Maestro!$A:$M;3;FALSO)) | D163: =SI([@SBAN]="";"";BUSCARV([@SBAN];Cronograma_Maestro!$A:$M;4;FALSO)) | E163: =SI([@SBAN]="";"";BUSCARV([@SBAN];Cronograma_Maestro!$A:$M;5;FALSO)) | F163: Luz Nélida Barragán Toro | G163: PMU COLSOF | H163: 46289 | I163: 46290 | L163: Programada | N163: =SI(O([@[Fecha_Programada_Inicio]]="";[@[Fecha_Inicio_Real]]="");"";SI([@[Fecha_Inicio_Real]]<=[@[Fecha_Programada_Inicio]];"SÍ";"NO")) | O163: =SI(O([@[Fecha_Programada_Fin]]="";[@[Fecha_Cierre_Operativo]]="");"";SI([@[Fecha_Cierre_Operativo]]<=SI([@[Fecha_Nueva_Programada]]<>"";[@[Fecha_Nueva_Programada]];[@[Fecha_Programada_Fin]]);"SÍ";"NO")) | P163: =SI(O([@[Cumpli_Ingreso]]="";[@[Cumpli_Salida]]="");"";SI(Y([@[Cumpli_Ingreso]]="SÍ";[@[Cumpli_Salida]]="SÍ");"SÍ";"NO")) | Q163: =SI(O([@[Fecha_Programada_Fin]]="";[@[Fecha_Cierre_Operativo]]="");"";MAX(0;ENTERO([@[Fecha_Cierre_Operativo]])-ENTERO(SI([@[Fecha_Nueva_Programada]]<>"";[@[Fecha_Nueva_Programada]];[@[Fecha_Programada_Fin]]))) | U163: 47 | W163: =SI.ERROR(SI(O([@[Fecha_Programada_Inicio]]="";[@[Fecha_Programada_Fin]]="");"";SI(Y([@[Fecha_Programada_Fin]]>=[@[Fecha_Programada_Inicio]];SI([@[Fecha_Cierre_Operativo]]="";VERDADERO;[@[Fecha_Cierre_Operativo]]>=[@[Fecha_Inicio_Real]]);SI([@[Fecha_Cierre_Administrativo]]="";VERDADERO;Y([@[Fecha_Cierre_Operativo]]<>"";[@[Fecha_Cierre_Administrativo]]>=[@[Fecha_Cierre_Operativo]])));"OK";"REVISAR"));"REVISAR") | X163: =SI([@SBAN]="";"";BUSCARV([@SBAN];Cronograma_Maestro!$A:$M;6;FALSO))
A164: 1518 | B164: =SI([@SBAN]="";"";BUSCARV([@SBAN];Cronograma_Maestro!$A:$M;2;FALSO)) | C164: =SI([@SBAN]="";"";BUSCARV([@SBAN];Cronograma_Maestro!$A:$M;3;FALSO)) | D164: =SI([@SBAN]="";"";BUSCARV([@SBAN];Cronograma_Maestro!$A:$M;4;FALSO)) | E164: =SI([@SBAN]="";"";BUSCARV([@SBAN];Cronograma_Maestro!$A:$M;5;FALSO)) | F164: Mauricio Andrés Rivera Páez | G164: PMU COLSOF | H164: 46275 | I164: 46276 | L164: Programada | N164: =SI(O([@[Fecha_Programada_Inicio]]="";[@[Fecha_Inicio_Real]]="");"";SI([@[Fecha_Inicio_Real]]<=[@[Fecha_Programada_Inicio]];"SÍ";"NO")) | O164: =SI(O([@[Fecha_Programada_Fin]]="";[@[Fecha_Cierre_Operativo]]="");"";SI([@[Fecha_Cierre_Operativo]]<=SI([@[Fecha_Nueva_Programada]]<>"";[@[Fecha_Nueva_Programada]];[@[Fecha_Programada_Fin]]);"SÍ";"NO")) | P164: =SI(O([@[Cumpli_Ingreso]]="";[@[Cumpli_Salida]]="");"";SI(Y([@[Cumpli_Ingreso]]="SÍ";[@[Cumpli_Salida]]="SÍ");"SÍ";"NO")) | Q164: =SI(O([@[Fecha_Programada_Fin]]="";[@[Fecha_Cierre_Operativo]]="");"";MAX(0;ENTERO([@[Fecha_Cierre_Operativo]])-ENTERO(SI([@[Fecha_Nueva_Programada]]<>"";[@[Fecha_Nueva_Programada]];[@[Fecha_Programada_Fin]]))) | U164: 15 | W164: =SI.ERROR(SI(O([@[Fecha_Programada_Inicio]]="";[@[Fecha_Programada_Fin]]="");"";SI(Y([@[Fecha_Programada_Fin]]>=[@[Fecha_Programada_Inicio]];SI([@[Fecha_Cierre_Operativo]]="";VERDADERO;[@[Fecha_Cierre_Operativo]]>=[@[Fecha_Inicio_Real]]);SI([@[Fecha_Cierre_Administrativo]]="";VERDADERO;Y([@[Fecha_Cierre_Operativo]]<>"";[@[Fecha_Cierre_Administrativo]]>=[@[Fecha_Cierre_Operativo]])));"OK";"REVISAR"));"REVISAR") | X164: =SI([@SBAN]="";"";BUSCARV([@SBAN];Cronograma_Maestro!$A:$M;6;FALSO))
A165: 1520 | B165: =SI([@SBAN]="";"";BUSCARV([@SBAN];Cronograma_Maestro!$A:$M;2;FALSO)) | C165: =SI([@SBAN]="";"";BUSCARV([@SBAN];Cronograma_Maestro!$A:$M;3;FALSO)) | D165: =SI([@SBAN]="";"";BUSCARV([@SBAN];Cronograma_Maestro!$A:$M;4;FALSO)) | E165: =SI([@SBAN]="";"";BUSCARV([@SBAN];Cronograma_Maestro!$A:$M;5;FALSO)) | F165: Luz Nélida Barragán Toro | G165: PMU COLSOF | H165: 46282 | I165: 46283 | L165: Programada | N165: =SI(O([@[Fecha_Programada_Inicio]]="";[@[Fecha_Inicio_Real]]="");"";SI([@[Fecha_Inicio_Real]]<=[@[Fecha_Programada_Inicio]];"SÍ";"NO")) | O165: =SI(O([@[Fecha_Programada_Fin]]="";[@[Fecha_Cierre_Operativo]]="");"";SI([@[Fecha_Cierre_Operativo]]<=SI([@[Fecha_Nueva_Programada]]<>"";[@[Fecha_Nueva_Programada]];[@[Fecha_Programada_Fin]]);"SÍ";"NO")) | P165: =SI(O([@[Cumpli_Ingreso]]="";[@[Cumpli_Salida]]="");"";SI(Y([@[Cumpli_Ingreso]]="SÍ";[@[Cumpli_Salida]]="SÍ");"SÍ";"NO")) | Q165: =SI(O([@[Fecha_Programada_Fin]]="";[@[Fecha_Cierre_Operativo]]="");"";MAX(0;ENTERO([@[Fecha_Cierre_Operativo]])-ENTERO(SI([@[Fecha_Nueva_Programada]]<>"";[@[Fecha_Nueva_Programada]];[@[Fecha_Programada_Fin]]))) | U165: 13 | W165: =SI.ERROR(SI(O([@[Fecha_Programada_Inicio]]="";[@[Fecha_Programada_Fin]]="");"";SI(Y([@[Fecha_Programada_Fin]]>=[@[Fecha_Programada_Inicio]];SI([@[Fecha_Cierre_Operativo]]="";VERDADERO;[@[Fecha_Cierre_Operativo]]>=[@[Fecha_Inicio_Real]]);SI([@[Fecha_Cierre_Administrativo]]="";VERDADERO;Y([@[Fecha_Cierre_Operativo]]<>"";[@[Fecha_Cierre_Administrativo]]>=[@[Fecha_Cierre_Operativo]])));"OK";"REVISAR"));"REVISAR") | X165: =SI([@SBAN]="";"";BUSCARV([@SBAN];Cronograma_Maestro!$A:$M;6;FALSO))
A166: 1522 | B166: =SI([@SBAN]="";"";BUSCARV([@SBAN];Cronograma_Maestro!$A:$M;2;FALSO)) | C166: =SI([@SBAN]="";"";BUSCARV([@SBAN];Cronograma_Maestro!$A:$M;3;FALSO)) | D166: =SI([@SBAN]="";"";BUSCARV([@SBAN];Cronograma_Maestro!$A:$M;4;FALSO)) | E166: =SI([@SBAN]="";"";BUSCARV([@SBAN];Cronograma_Maestro!$A:$M;5;FALSO)) | F166: Mauricio Andrés Rivera Páez | G166: PMU COLSOF | H166: 46267 | I166: 46268 | L166: Programada | N166: =SI(O([@[Fecha_Programada_Inicio]]="";[@[Fecha_Inicio_Real]]="");"";SI([@[Fecha_Inicio_Real]]<=[@[Fecha_Programada_Inicio]];"SÍ";"NO")) | O166: =SI(O([@[Fecha_Programada_Fin]]="";[@[Fecha_Cierre_Operativo]]="");"";SI([@[Fecha_Cierre_Operativo]]<=SI([@[Fecha_Nueva_Programada]]<>"";[@[Fecha_Nueva_Programada]];[@[Fecha_Programada_Fin]]);"SÍ";"NO")) | P166: =SI(O([@[Cumpli_Ingreso]]="";[@[Cumpli_Salida]]="");"";SI(Y([@[Cumpli_Ingreso]]="SÍ";[@[Cumpli_Salida]]="SÍ");"SÍ";"NO")) | Q166: =SI(O([@[Fecha_Programada_Fin]]="";[@[Fecha_Cierre_Operativo]]="");"";MAX(0;ENTERO([@[Fecha_Cierre_Operativo]])-ENTERO(SI([@[Fecha_Nueva_Programada]]<>"";[@[Fecha_Nueva_Programada]];[@[Fecha_Programada_Fin]]))) | U166: 12 | W166: =SI.ERROR(SI(O([@[Fecha_Programada_Inicio]]="";[@[Fecha_Programada_Fin]]="");"";SI(Y([@[Fecha_Programada_Fin]]>=[@[Fecha_Programada_Inicio]];SI([@[Fecha_Cierre_Operativo]]="";VERDADERO;[@[Fecha_Cierre_Operativo]]>=[@[Fecha_Inicio_Real]]);SI([@[Fecha_Cierre_Administrativo]]="";VERDADERO;Y([@[Fecha_Cierre_Operativo]]<>"";[@[Fecha_Cierre_Administrativo]]>=[@[Fecha_Cierre_Operativo]])));"OK";"REVISAR"));"REVISAR") | X166: =SI([@SBAN]="";"";BUSCARV([@SBAN];Cronograma_Maestro!$A:$M;6;FALSO))
A167: 1524 | B167: =SI([@SBAN]="";"";BUSCARV([@SBAN];Cronograma_Maestro!$A:$M;2;FALSO)) | C167: =SI([@SBAN]="";"";BUSCARV([@SBAN];Cronograma_Maestro!$A:$M;3;FALSO)) | D167: =SI([@SBAN]="";"";BUSCARV([@SBAN];Cronograma_Maestro!$A:$M;4;FALSO)) | E167: =SI([@SBAN]="";"";BUSCARV([@SBAN];Cronograma_Maestro!$A:$M;5;FALSO)) | F167: Luz Nélida Barragán Toro | G167: PMU COLSOF | H167: 46267 | I167: 46268 | L167: Programada | N167: =SI(O([@[Fecha_Programada_Inicio]]="";[@[Fecha_Inicio_Real]]="");"";SI([@[Fecha_Inicio_Real]]<=[@[Fecha_Programada_Inicio]];"SÍ";"NO")) | O167: =SI(O([@[Fecha_Programada_Fin]]="";[@[Fecha_Cierre_Operativo]]="");"";SI([@[Fecha_Cierre_Operativo]]<=SI([@[Fecha_Nueva_Programada]]<>"";[@[Fecha_Nueva_Programada]];[@[Fecha_Programada_Fin]]);"SÍ";"NO")) | P167: =SI(O([@[Cumpli_Ingreso]]="";[@[Cumpli_Salida]]="");"";SI(Y([@[Cumpli_Ingreso]]="SÍ";[@[Cumpli_Salida]]="SÍ");"SÍ";"NO")) | Q167: =SI(O([@[Fecha_Programada_Fin]]="";[@[Fecha_Cierre_Operativo]]="");"";MAX(0;ENTERO([@[Fecha_Cierre_Operativo]])-ENTERO(SI([@[Fecha_Nueva_Programada]]<>"";[@[Fecha_Nueva_Programada]];[@[Fecha_Programada_Fin]]))) | U167: 16 | W167: =SI.ERROR(SI(O([@[Fecha_Programada_Inicio]]="";[@[Fecha_Programada_Fin]]="");"";SI(Y([@[Fecha_Programada_Fin]]>=[@[Fecha_Programada_Inicio]];SI([@[Fecha_Cierre_Operativo]]="";VERDADERO;[@[Fecha_Cierre_Operativo]]>=[@[Fecha_Inicio_Real]]);SI([@[Fecha_Cierre_Administrativo]]="";VERDADERO;Y([@[Fecha_Cierre_Operativo]]<>"";[@[Fecha_Cierre_Administrativo]]>=[@[Fecha_Cierre_Operativo]])));"OK";"REVISAR"));"REVISAR") | X167: =SI([@SBAN]="";"";BUSCARV([@SBAN];Cronograma_Maestro!$A:$M;6;FALSO))
... A177: 1542 | B177: =SI([@SBAN]="";"";BUSCARV([@SBAN];Cronograma_Maestro!$A:$M;2;FALSO)) | C177: =SI([@SBAN]="";"";BUSCARV([@SBAN];Cronograma_Maestro!$A:$M;3;FALSO)) | D177: =SI([@SBAN]="";"";BUSCARV([@SBAN];Cronograma_Maestro!$A:$M;4;FALSO)) | E177: =SI([@SBAN]="";"";BUSCARV([@SBAN];Cronograma_Maestro!$A:$M;5;FALSO)) | F177: Luz Nélida Barragán Toro | G177: PMU COLSOF | H177: 46287 | I177: 46288 | L177: Programada | N177: =SI(O([@[Fecha_Programada_Inicio]]="";[@[Fecha_Inicio_Real]]="");"";SI([@[Fecha_Inicio_Real]]<=[@[Fecha_Programada_Inicio]];"SÍ";"NO")) | O177: =SI(O([@[Fecha_Programada_Fin]]="";[@[Fecha_Cierre_Operativo]]="");"";SI([@[Fecha_Cierre_Operativo]]<=SI([@[Fecha_Nueva_Programada]]<>"";[@[Fecha_Nueva_Programada]];[@[Fecha_Programada_Fin]]);"SÍ";"NO")) | P177: =SI(O([@[Cumpli_Ingreso]]="";[@[Cumpli_Salida]]="");"";SI(Y([@[Cumpli_Ingreso]]="SÍ";[@[Cumpli_Salida]]="SÍ");"SÍ";"NO")) | Q177: =SI(O([@[Fecha_Programada_Fin]]="";[@[Fecha_Cierre_Operativo]]="");"";MAX(0;ENTERO([@[Fecha_Cierre_Operativo]])-ENTERO(SI([@[Fecha_Nueva_Programada]]<>"";[@[Fecha_Nueva_Programada]];[@[Fecha_Programada_Fin]]))) | U177: 14 | W177: =SI.ERROR(SI(O([@[Fecha_Programada_Inicio]]="";[@[Fecha_Programada_Fin]]="");"";SI(Y([@[Fecha_Programada_Fin]]>=[@[Fecha_Programada_Inicio]];SI([@[Fecha_Cierre_Operativo]]="";VERDADERO;[@[Fecha_Cierre_Operativo]]>=[@[Fecha_Inicio_Real]]);SI([@[Fecha_Cierre_Administrativo]]="";VERDADERO;Y([@[Fecha_Cierre_Operativo]]<>"";[@[Fecha_Cierre_Administrativo]]>=[@[Fecha_Cierre_Operativo]])));"OK";"REVISAR"));"REVISAR") | X177: =SI([@SBAN]="";"";BUSCARV([@SBAN];Cronograma_Maestro!$A:$M;6;FALSO))
A178: 1544 | B178: =SI([@SBAN]="";"";BUSCARV([@SBAN];Cronograma_Maestro!$A:$M;2;FALSO)) | C178: =SI([@SBAN]="";"";BUSCARV([@SBAN];Cronograma_Maestro!$A:$M;3;FALSO)) | D178: =SI([@SBAN]="";"";BUSCARV([@SBAN];Cronograma_Maestro!$A:$M;4;FALSO)) | E178: =SI([@SBAN]="";"";BUSCARV([@SBAN];Cronograma_Maestro!$A:$M;5;FALSO)) | F178: Andrés Felipe Díaz Noy | G178: PMU COLSOF | H178: 46266 | I178: 46267 | J178: 46266 | L178: En Proceso | N178: =SI(O([@[Fecha_Programada_Inicio]]="";[@[Fecha_Inicio_Real]]="");"";SI([@[Fecha_Inicio_Real]]<=[@[Fecha_Programada_Inicio]];"SÍ";"NO")) | O178: =SI(O([@[Fecha_Programada_Fin]]="";[@[Fecha_Cierre_Operativo]]="");"";SI([@[Fecha_Cierre_Operativo]]<=SI([@[Fecha_Nueva_Programada]]<>"";[@[Fecha_Nueva_Programada]];[@[Fecha_Programada_Fin]]);"SÍ";"NO")) | P178: =SI(O([@[Cumpli_Ingreso]]="";[@[Cumpli_Salida]]="");"";SI(Y([@[Cumpli_Ingreso]]="SÍ";[@[Cumpli_Salida]]="SÍ");"SÍ";"NO")) | Q178: =SI(O([@[Fecha_Programada_Fin]]="";[@[Fecha_Cierre_Operativo]]="");"";MAX(0;ENTERO([@[Fecha_Cierre_Operativo]])-ENTERO(SI([@[Fecha_Nueva_Programada]]<>"";[@[Fecha_Nueva_Programada]];[@[Fecha_Programada_Fin]]))) | U178: 12 | W178: =SI.ERROR(SI(O([@[Fecha_Programada_Inicio]]="";[@[Fecha_Programada_Fin]]="");"";SI(Y([@[Fecha_Programada_Fin]]>=[@[Fecha_Programada_Inicio]];SI([@[Fecha_Cierre_Operativo]]="";VERDADERO;[@[Fecha_Cierre_Operativo]]>=[@[Fecha_Inicio_Real]]);SI([@[Fecha_Cierre_Administrativo]]="";VERDADERO;Y([@[Fecha_Cierre_Operativo]]<>"";[@[Fecha_Cierre_Administrativo]]>=[@[Fecha_Cierre_Operativo]])));"OK";"REVISAR"));"REVISAR") | X178: =SI([@SBAN]="";"";BUSCARV([@SBAN];Cronograma_Maestro!$A:$M;6;FALSO))
A179: 1545 | B179: =SI([@SBAN]="";"";BUSCARV([@SBAN];Cronograma_Maestro!$A:$M;2;FALSO)) | C179: =SI([@SBAN]="";"";BUSCARV([@SBAN];Cronograma_Maestro!$A:$M;3;FALSO)) | D179: =SI([@SBAN]="";"";BUSCARV([@SBAN];Cronograma_Maestro!$A:$M;4;FALSO)) | E179: =SI([@SBAN]="";"";BUSCARV([@SBAN];Cronograma_Maestro!$A:$M;5;FALSO)) | F179: Mauricio Andrés Rivera Páez | G179: PMU COLSOF | H179: 46279 | I179: 46280 | L179: Programada | N179: =SI(O([@[Fecha_Programada_Inicio]]="";[@[Fecha_Inicio_Real]]="");"";SI([@[Fecha_Inicio_Real]]<=[@[Fecha_Programada_Inicio]];"SÍ";"NO")) | O179: =SI(O([@[Fecha_Programada_Fin]]="";[@[Fecha_Cierre_Operativo]]="");"";SI([@[Fecha_Cierre_Operativo]]<=SI([@[Fecha_Nueva_Programada]]<>"";[@[Fecha_Nueva_Programada]];[@[Fecha_Programada_Fin]]);"SÍ";"NO")) | P179: =SI(O([@[Cumpli_Ingreso]]="";[@[Cumpli_Salida]]="");"";SI(Y([@[Cumpli_Ingreso]]="SÍ";[@[Cumpli_Salida]]="SÍ");"SÍ";"NO")) | Q179: =SI(O([@[Fecha_Programada_Fin]]="";[@[Fecha_Cierre_Operativo]]="");"";MAX(0;ENTERO([@[Fecha_Cierre_Operativo]])-ENTERO(SI([@[Fecha_Nueva_Programada]]<>"";[@[Fecha_Nueva_Programada]];[@[Fecha_Programada_Fin]]))) | U179: 16 | W179: =SI.ERROR(SI(O([@[Fecha_Programada_Inicio]]="";[@[Fecha_Programada_Fin]]="");"";SI(Y([@[Fecha_Programada_Fin]]>=[@[Fecha_Programada_Inicio]];SI([@[Fecha_Cierre_Operativo]]="";VERDADERO;[@[Fecha_Cierre_Operativo]]>=[@[Fecha_Inicio_Real]]);SI([@[Fecha_Cierre_Administrativo]]="";VERDADERO;Y([@[Fecha_Cierre_Operativo]]<>"";[@[Fecha_Cierre_Administrativo]]>=[@[Fecha_Cierre_Operativo]])));"OK";"REVISAR"));"REVISAR") | X179: =SI([@SBAN]="";"";BUSCARV([@SBAN];Cronograma_Maestro!$A:$M;6;FALSO))
A180: 1546 | B180: =SI([@SBAN]="";"";BUSCARV([@SBAN];Cronograma_Maestro!$A:$M;2;FALSO)) | C180: =SI([@SBAN]="";"";BUSCARV([@SBAN];Cronograma_Maestro!$A:$M;3;FALSO)) | D180: =SI([@SBAN]="";"";BUSCARV([@SBAN];Cronograma_Maestro!$A:$M;4;FALSO)) | E180: =SI([@SBAN]="";"";BUSCARV([@SBAN];Cronograma_Maestro!$A:$M;5;FALSO)) | F180: Luz Nélida Barragán Toro | G180: PMU COLSOF | H180: 46280 | I180: 46281 | L180: Programada | N180: =SI(O([@[Fecha_Programada_Inicio]]="";[@[Fecha_Inicio_Real]]="");"";SI([@[Fecha_Inicio_Real]]<=[@[Fecha_Programada_Inicio]];"SÍ";"NO")) | O180: =SI(O([@[Fecha_Programada_Fin]]="";[@[Fecha_Cierre_Operativo]]="");"";SI([@[Fecha_Cierre_Operativo]]<=SI([@[Fecha_Nueva_Programada]]<>"";[@[Fecha_Nueva_Programada]];[@[Fecha_Programada_Fin]]);"SÍ";"NO")) | P180: =SI(O([@[Cumpli_Ingreso]]="";[@[Cumpli_Salida]]="");"";SI(Y([@[Cumpli_Ingreso]]="SÍ";[@[Cumpli_Salida]]="SÍ");"SÍ";"NO")) | Q180: =SI(O([@[Fecha_Programada_Fin]]="";[@[Fecha_Cierre_Operativo]]="");"";MAX(0;ENTERO([@[Fecha_Cierre_Operativo]])-ENTERO(SI([@[Fecha_Nueva_Programada]]<>"";[@[Fecha_Nueva_Programada]];[@[Fecha_Programada_Fin]]))) | U180: 20 | W180: =SI.ERROR(SI(O([@[Fecha_Programada_Inicio]]="";[@[Fecha_Programada_Fin]]="");"";SI(Y([@[Fecha_Programada_Fin]]>=[@[Fecha_Programada_Inicio]];SI([@[Fecha_Cierre_Operativo]]="";VERDADERO;[@[Fecha_Cierre_Operativo]]>=[@[Fecha_Inicio_Real]]);SI([@[Fecha_Cierre_Administrativo]]="";VERDADERO;Y([@[Fecha_Cierre_Operativo]]<>"";[@[Fecha_Cierre_Administrativo]]>=[@[Fecha_Cierre_Operativo]])));"OK";"REVISAR"));"REVISAR") | X180: =SI([@SBAN]="";"";BUSCARV([@SBAN];Cronograma_Maestro!$A:$M;6;FALSO))
A181: 1547 | B181: =SI([@SBAN]="";"";BUSCARV([@SBAN];Cronograma_Maestro!$A:$M;2;FALSO)) | C181: =SI([@SBAN]="";"";BUSCARV([@SBAN];Cronograma_Maestro!$A:$M;3;FALSO)) | D181: =SI([@SBAN]="";"";BUSCARV([@SBAN];Cronograma_Maestro!$A:$M;4;FALSO)) | E181: =SI([@SBAN]="";"";BUSCARV([@SBAN];Cronograma_Maestro!$A:$M;5;FALSO)) | F181: Andrés Felipe Carvajal Pire | G181: PMU COLSOF | H181: 46288 | I181: 46289 | L181: Programada | N181: =SI(O([@[Fecha_Programada_Inicio]]="";[@[Fecha_Inicio_Real]]="");"";SI([@[Fecha_Inicio_Real]]<=[@[Fecha_Programada_Inicio]];"SÍ";"NO")) | O181: =SI(O([@[Fecha_Programada_Fin]]="";[@[Fecha_Cierre_Operativo]]="");"";SI([@[Fecha_Cierre_Operativo]]<=SI([@[Fecha_Nueva_Programada]]<>"";[@[Fecha_Nueva_Programada]];[@[Fecha_Programada_Fin]]);"SÍ";"NO")) | P181: =SI(O([@[Cumpli_Ingreso]]="";[@[Cumpli_Salida]]="");"";SI(Y([@[Cumpli_Ingreso]]="SÍ";[@[Cumpli_Salida]]="SÍ");"SÍ";"NO")) | Q181: =SI(O([@[Fecha_Programada_Fin]]="";[@[Fecha_Cierre_Operativo]]="");"";MAX(0;ENTERO([@[Fecha_Cierre_Operativo]])-ENTERO(SI([@[Fecha_Nueva_Programada]]<>"";[@[Fecha_Nueva_Programada]];[@[Fecha_Programada_Fin]]))) | U181: 15 | W181: =SI.ERROR(SI(O([@[Fecha_Programada_Inicio]]="";[@[Fecha_Programada_Fin]]="");"";SI(Y([@[Fecha_Programada_Fin]]>=[@[Fecha_Programada_Inicio]];SI([@[Fecha_Cierre_Operativo]]="";VERDADERO;[@[Fecha_Cierre_Operativo]]>=[@[Fecha_Inicio_Real]]);SI([@[Fecha_Cierre_Administrativo]]="";VERDADERO;Y([@[Fecha_Cierre_Operativo]]<>"";[@[Fecha_Cierre_Administrativo]]>=[@[Fecha_Cierre_Operativo]])));"OK";"REVISAR"));"REVISAR") | X181: =SI([@SBAN]="";"";BUSCARV([@SBAN];Cronograma_Maestro!$A:$M;6;FALSO))
A182: 1548 | B182: =SI([@SBAN]="";"";BUSCARV([@SBAN];Cronograma_Maestro!$A:$M;2;FALSO)) | C182: =SI([@SBAN]="";"";BUSCARV([@SBAN];Cronograma_Maestro!$A:$M;3;FALSO)) | D182: =SI([@SBAN]="";"";BUSCARV([@SBAN];Cronograma_Maestro!$A:$M;4;FALSO)) | E182: =SI([@SBAN]="";"";BUSCARV([@SBAN];Cronograma_Maestro!$A:$M;5;FALSO)) | F182: Mauricio Andrés Rivera Páez | G182: PMU COLSOF | H182: 46269 | I182: 46269 | L182: Programada | N182: =SI(O([@[Fecha_Programada_Inicio]]="";[@[Fecha_Inicio_Real]]="");"";SI([@[Fecha_Inicio_Real]]<=[@[Fecha_Programada_Inicio]];"SÍ";"NO")) | O182: =SI(O([@[Fecha_Programada_Fin]]="";[@[Fecha_Cierre_Operativo]]="");"";SI([@[Fecha_Cierre_Operativo]]<=SI([@[Fecha_Nueva_Programada]]<>"";[@[Fecha_Nueva_Programada]];[@[Fecha_Programada_Fin]]);"SÍ";"NO")) | P182: =SI(O([@[Cumpli_Ingreso]]="";[@[Cumpli_Salida]]="");"";SI(Y([@[Cumpli_Ingreso]]="SÍ";[@[Cumpli_Salida]]="SÍ");"SÍ";"NO")) | Q182: =SI(O([@[Fecha_Programada_Fin]]="";[@[Fecha_Cierre_Operativo]]="");"";MAX(0;ENTERO([@[Fecha_Cierre_Operativo]])-ENTERO(SI([@[Fecha_Nueva_Programada]]<>"";[@[Fecha_Nueva_Programada]];[@[Fecha_Programada_Fin]]))) | U182: 14 | W182: =SI.ERROR(SI(O([@[Fecha_Programada_Inicio]]="";[@[Fecha_Programada_Fin]]="");"";SI(Y([@[Fecha_Programada_Fin]]>=[@[Fecha_Programada_Inicio]];SI([@[Fecha_Cierre_Operativo]]="";VERDADERO;[@[Fecha_Cierre_Operativo]]>=[@[Fecha_Inicio_Real]]);SI([@[Fecha_Cierre_Administrativo]]="";VERDADERO;Y([@[Fecha_Cierre_Operativo]]<>"";[@[Fecha_Cierre_Administrativo]]>=[@[Fecha_Cierre_Operativo]])));"OK";"REVISAR"));"REVISAR") | X182: =SI([@SBAN]="";"";BUSCARV([@SBAN];Cronograma_Maestro!$A:$M;6;FALSO))
A183: 1550 | B183: =SI([@SBAN]="";"";BUSCARV([@SBAN];Cronograma_Maestro!$A:$M;2;FALSO)) | C183: =SI([@SBAN]="";"";BUSCARV([@SBAN];Cronograma_Maestro!$A:$M;3;FALSO)) | D183: =SI([@SBAN]="";"";BUSCARV([@SBAN];Cronograma_Maestro!$A:$M;4;FALSO)) | E183: =SI([@SBAN]="";"";BUSCARV([@SBAN];Cronograma_Maestro!$A:$M;5;FALSO)) | F183: Luz Nélida Barragán Toro | G183: PMU COLSOF | H183: 46274 | I183: 46275 | L183: Programada | N183: =SI(O([@[Fecha_Programada_Inicio]]="";[@[Fecha_Inicio_Real]]="");"";SI([@[Fecha_Inicio_Real]]<=[@[Fecha_Programada_Inicio]];"SÍ";"NO")) | O183: =SI(O([@[Fecha_Programada_Fin]]="";[@[Fecha_Cierre_Operativo]]="");"";SI([@[Fecha_Cierre_Operativo]]<=SI([@[Fecha_Nueva_Programada]]<>"";[@[Fecha_Nueva_Programada]];[@[Fecha_Programada_Fin]]);"SÍ";"NO")) | P183: =SI(O([@[Cumpli_Ingreso]]="";[@[Cumpli_Salida]]="");"";SI(Y([@[Cumpli_Ingreso]]="SÍ";[@[Cumpli_Salida]]="SÍ");"SÍ";"NO")) | Q183: =SI(O([@[Fecha_Programada_Fin]]="";[@[Fecha_Cierre_Operativo]]="");"";MAX(0;ENTERO([@[Fecha_Cierre_Operativo]])-ENTERO(SI([@[Fecha_Nueva_Programada]]<>"";[@[Fecha_Nueva_Programada]];[@[Fecha_Programada_Fin]]))) | U183: 22 | W183: =SI.ERROR(SI(O([@[Fecha_Programada_Inicio]]="";[@[Fecha_Programada_Fin]]="");"";SI(Y([@[Fecha_Programada_Fin]]>=[@[Fecha_Programada_Inicio]];SI([@[Fecha_Cierre_Operativo]]="";VERDADERO;[@[Fecha_Cierre_Operativo]]>=[@[Fecha_Inicio_Real]]);SI([@[Fecha_Cierre_Administrativo]]="";VERDADERO;Y([@[Fecha_Cierre_Operativo]]<>"";[@[Fecha_Cierre_Administrativo]]>=[@[Fecha_Cierre_Operativo]])));"OK";"REVISAR"));"REVISAR") | X183: =SI([@SBAN]="";"";BUSCARV([@SBAN];Cronograma_Maestro!$A:$M;6;FALSO))
A184: 1551 | B184: =SI([@SBAN]="";"";BUSCARV([@SBAN];Cronograma_Maestro!$A:$M;2;FALSO)) | C184: =SI([@SBAN]="";"";BUSCARV([@SBAN];Cronograma_Maestro!$A:$M;3;FALSO)) | D184: =SI([@SBAN]="";"";BUSCARV([@SBAN];Cronograma_Maestro!$A:$M;4;FALSO)) | E184: =SI([@SBAN]="";"";BUSCARV([@SBAN];Cronograma_Maestro!$A:$M;5;FALSO)) | F184: Andrés Felipe Díaz Noy | G184: PMU COLSOF | H184: 46282 | I184: 46283 | L184: Programada | N184: =SI(O([@[Fecha_Programada_Inicio]]="";[@[Fecha_Inicio_Real]]="");"";SI([@[Fecha_Inicio_Real]]<=[@[Fecha_Programada_Inicio]];"SÍ";"NO")) | O184: =SI(O([@[Fecha_Programada_Fin]]="";[@[Fecha_Cierre_Operativo]]="");"";SI([@[Fecha_Cierre_Operativo]]<=SI([@[Fecha_Nueva_Programada]]<>"";[@[Fecha_Nueva_Programada]];[@[Fecha_Programada_Fin]]);"SÍ";"NO")) | P184: =SI(O([@[Cumpli_Ingreso]]="";[@[Cumpli_Salida]]="");"";SI(Y([@[Cumpli_Ingreso]]="SÍ";[@[Cumpli_Salida]]="SÍ");"SÍ";"NO")) | Q184: =SI(O([@[Fecha_Programada_Fin]]="";[@[Fecha_Cierre_Operativo]]="");"";MAX(0;ENTERO([@[Fecha_Cierre_Operativo]])-ENTERO(SI([@[Fecha_Nueva_Programada]]<>"";[@[Fecha_Nueva_Programada]];[@[Fecha_Programada_Fin]]))) | U184: 27 | W184: =SI.ERROR(SI(O([@[Fecha_Programada_Inicio]]="";[@[Fecha_Programada_Fin]]="");"";SI(Y([@[Fecha_Programada_Fin]]>=[@[Fecha_Programada_Inicio]];SI([@[Fecha_Cierre_Operativo]]="";VERDADERO;[@[Fecha_Cierre_Operativo]]>=[@[Fecha_Inicio_Real]]);SI([@[Fecha_Cierre_Administrativo]]="";VERDADERO;Y([@[Fecha_Cierre_Operativo]]<>"";[@[Fecha_Cierre_Administrativo]]>=[@[Fecha_Cierre_Operativo]])));"OK";"REVISAR"));"REVISAR") | X184: =SI([@SBAN]="";"";BUSCARV([@SBAN];Cronograma_Maestro!$A:$M;6;FALSO))
A185: 1552 | B185: =SI([@SBAN]="";"";BUSCARV([@SBAN];Cronograma_Maestro!$A:$M;2;FALSO)) | C185: =SI([@SBAN]="";"";BUSCARV([@SBAN];Cronograma_Maestro!$A:$M;3;FALSO)) | D185: =SI([@SBAN]="";"";BUSCARV([@SBAN];Cronograma_Maestro!$A:$M;4;FALSO)) | E185: =SI([@SBAN]="";"";BUSCARV([@SBAN];Cronograma_Maestro!$A:$M;5;FALSO)) | F185: Luz Nélida Barragán Toro | G185: PMU COLSOF | H185: 46279 | I185: 46280 | L185: Programada | N185: =SI(O([@[Fecha_Programada_Inicio]]="";[@[Fecha_Inicio_Real]]="");"";SI([@[Fecha_Inicio_Real]]<=[@[Fecha_Programada_Inicio]];"SÍ";"NO")) | O185: =SI(O([@[Fecha_Programada_Fin]]="";[@[Fecha_Cierre_Operativo]]="");"";SI([@[Fecha_Cierre_Operativo]]<=SI([@[Fecha_Nueva_Programada]]<>"";[@[Fecha_Nueva_Programada]];[@[Fecha_Programada_Fin]]);"SÍ";"NO")) | P185: =SI(O([@[Cumpli_Ingreso]]="";[@[Cumpli_Salida]]="");"";SI(Y([@[Cumpli_Ingreso]]="SÍ";[@[Cumpli_Salida]]="SÍ");"SÍ";"NO")) | Q185: =SI(O([@[Fecha_Programada_Fin]]="";[@[Fecha_Cierre_Operativo]]="");"";MAX(0;ENTERO([@[Fecha_Cierre_Operativo]])-ENTERO(SI([@[Fecha_Nueva_Programada]]<>"";[@[Fecha_Nueva_Programada]];[@[Fecha_Programada_Fin]]))) | U185: 15 | W185: =SI.ERROR(SI(O([@[Fecha_Programada_Inicio]]="";[@[Fecha_Programada_Fin]]="");"";SI(Y([@[Fecha_Programada_Fin]]>=[@[Fecha_Programada_Inicio]];SI([@[Fecha_Cierre_Operativo]]="";VERDADERO;[@[Fecha_Cierre_Operativo]]>=[@[Fecha_Inicio_Real]]);SI([@[Fecha_Cierre_Administrativo]]="";VERDADERO;Y([@[Fecha_Cierre_Operativo]]<>"";[@[Fecha_Cierre_Administrativo]]>=[@[Fecha_Cierre_Operativo]])));"OK";"REVISAR"));"REVISAR") | X185: =SI([@SBAN]="";"";BUSCARV([@SBAN];Cronograma_Maestro!$A:$M;6;FALSO))
A186: 1553 | B186: =SI([@SBAN]="";"";BUSCARV([@SBAN];Cronograma_Maestro!$A:$M;2;FALSO)) | C186: =SI([@SBAN]="";"";BUSCARV([@SBAN];Cronograma_Maestro!$A:$M;3;FALSO)) | D186: =SI([@SBAN]="";"";BUSCARV([@SBAN];Cronograma_Maestro!$A:$M;4;FALSO)) | E186: =SI([@SBAN]="";"";BUSCARV([@SBAN];Cronograma_Maestro!$A:$M;5;FALSO)) | F186: Andrés Felipe Carvajal Pire | G186: PMU COLSOF | H186: 46275 | I186: 46276 | L186: Programada | N186: =SI(O([@[Fecha_Programada_Inicio]]="";[@[Fecha_Inicio_Real]]="");"";SI([@[Fecha_Inicio_Real]]<=[@[Fecha_Programada_Inicio]];"SÍ";"NO")) | O186: =SI(O([@[Fecha_Programada_Fin]]="";[@[Fecha_Cierre_Operativo]]="");"";SI([@[Fecha_Cierre_Operativo]]<=SI([@[Fecha_Nueva_Programada]]<>"";[@[Fecha_Nueva_Programada]];[@[Fecha_Programada_Fin]]);"SÍ";"NO")) | P186: =SI(O([@[Cumpli_Ingreso]]="";[@[Cumpli_Salida]]="");"";SI(Y([@[Cumpli_Ingreso]]="SÍ";[@[Cumpli_Salida]]="SÍ");"SÍ";"NO")) | Q186: =SI(O([@[Fecha_Programada_Fin]]="";[@[Fecha_Cierre_Operativo]]="");"";MAX(0;ENTERO([@[Fecha_Cierre_Operativo]])-ENTERO(SI([@[Fecha_Nueva_Programada]]<>"";[@[Fecha_Nueva_Programada]];[@[Fecha_Programada_Fin]]))) | U186: 12 | W186: =SI.ERROR(SI(O([@[Fecha_Programada_Inicio]]="";[@[Fecha_Programada_Fin]]="");"";SI(Y([@[Fecha_Programada_Fin]]>=[@[Fecha_Programada_Inicio]];SI([@[Fecha_Cierre_Operativo]]="";VERDADERO;[@[Fecha_Cierre_Operativo]]>=[@[Fecha_Inicio_Real]]);SI([@[Fecha_Cierre_Administrativo]]="";VERDADERO;Y([@[Fecha_Cierre_Operativo]]<>"";[@[Fecha_Cierre_Administrativo]]>=[@[Fecha_Cierre_Operativo]])));"OK";"REVISAR"));"REVISAR") | X186: =SI([@SBAN]="";"";BUSCARV([@SBAN];Cronograma_Maestro!$A:$M;6;FALSO))
A187: 1554 | B187: =SI([@SBAN]="";"";BUSCARV([@SBAN];Cronograma_Maestro!$A:$M;2;FALSO)) | C187: =SI([@SBAN]="";"";BUSCARV([@SBAN];Cronograma_Maestro!$A:$M;3;FALSO)) | D187: =SI([@SBAN]="";"";BUSCARV([@SBAN];Cronograma_Maestro!$A:$M;4;FALSO)) | E187: =SI([@SBAN]="";"";BUSCARV([@SBAN];Cronograma_Maestro!$A:$M;5;FALSO)) | F187: Mauricio Andrés Rivera Páez | G187: PMU COLSOF | H187: 46289 | I187: 46290 | L187: Programada | N187: =SI(O([@[Fecha_Programada_Inicio]]="";[@[Fecha_Inicio_Real]]="");"";SI([@[Fecha_Inicio_Real]]<=[@[Fecha_Programada_Inicio]];"SÍ";"NO")) | O187: =SI(O([@[Fecha_Programada_Fin]]="";[@[Fecha_Cierre_Operativo]]="");"";SI([@[Fecha_Cierre_Operativo]]<=SI([@[Fecha_Nueva_Programada]]<>"";[@[Fecha_Nueva_Programada]];[@[Fecha_Programada_Fin]]);"SÍ";"NO")) | P187: =SI(O([@[Cumpli_Ingreso]]="";[@[Cumpli_Salida]]="");"";SI(Y([@[Cumpli_Ingreso]]="SÍ";[@[Cumpli_Salida]]="SÍ");"SÍ";"NO")) | Q187: =SI(O([@[Fecha_Programada_Fin]]="";[@[Fecha_Cierre_Operativo]]="");"";MAX(0;ENTERO([@[Fecha_Cierre_Operativo]])-ENTERO(SI([@[Fecha_Nueva_Programada]]<>"";[@[Fecha_Nueva_Programada]];[@[Fecha_Programada_Fin]]))) | U187: 14 | W187: =SI.ERROR(SI(O([@[Fecha_Programada_Inicio]]="";[@[Fecha_Programada_Fin]]="");"";SI(Y([@[Fecha_Programada_Fin]]>=[@[Fecha_Programada_Inicio]];SI([@[Fecha_Cierre_Operativo]]="";VERDADERO;[@[Fecha_Cierre_Operativo]]>=[@[Fecha_Inicio_Real]]);SI([@[Fecha_Cierre_Administrativo]]="";VERDADERO;Y([@[Fecha_Cierre_Operativo]]<>"";[@[Fecha_Cierre_Administrativo]]>=[@[Fecha_Cierre_Operativo]])));"OK";"REVISAR"));"REVISAR") | X187: =SI([@SBAN]="";"";BUSCARV([@SBAN];Cronograma_Maestro!$A:$M;6;FALSO))
A188: 1555 | B188: =SI([@SBAN]="";"";BUSCARV([@SBAN];Cronograma_Maestro!$A:$M;2;FALSO)) | C188: =SI([@SBAN]="";"";BUSCARV([@SBAN];Cronograma_Maestro!$A:$M;3;FALSO)) | D188: =SI([@SBAN]="";"";BUSCARV([@SBAN];Cronograma_Maestro!$A:$M;4;FALSO)) | E188: =SI([@SBAN]="";"";BUSCARV([@SBAN];Cronograma_Maestro!$A:$M;5;FALSO)) | F188: Andrés Felipe Díaz Noy | G188: PMU COLSOF | H188: 46279 | I188: 46280 | L188: Programada | N188: =SI(O([@[Fecha_Programada_Inicio]]="";[@[Fecha_Inicio_Real]]="");"";SI([@[Fecha_Inicio_Real]]<=[@[Fecha_Programada_Inicio]];"SÍ";"NO")) | O188: =SI(O([@[Fecha_Programada_Fin]]="";[@[Fecha_Cierre_Operativo]]="");"";SI([@[Fecha_Cierre_Operativo]]<=SI([@[Fecha_Nueva_Programada]]<>"";[@[Fecha_Nueva_Programada]];[@[Fecha_Programada_Fin]]);"SÍ";"NO")) | P188: =SI(O([@[Cumpli_Ingreso]]="";[@[Cumpli_Salida]]="");"";SI(Y([@[Cumpli_Ingreso]]="SÍ";[@[Cumpli_Salida]]="SÍ");"SÍ";"NO")) | Q188: =SI(O([@[Fecha_Programada_Fin]]="";[@[Fecha_Cierre_Operativo]]="");"";MAX(0;ENTERO([@[Fecha_Cierre_Operativo]])-ENTERO(SI([@[Fecha_Nueva_Programada]]<>"";[@[Fecha_Nueva_Programada]];[@[Fecha_Programada_Fin]]))) | U188: 19 | W188: =SI.ERROR(SI(O([@[Fecha_Programada_Inicio]]="";[@[Fecha_Programada_Fin]]="");"";SI(Y([@[Fecha_Programada_Fin]]>=[@[Fecha_Programada_Inicio]];SI([@[Fecha_Cierre_Operativo]]="";VERDADERO;[@[Fecha_Cierre_Operativo]]>=[@[Fecha_Inicio_Real]]);SI([@[Fecha_Cierre_Administrativo]]="";VERDADERO;Y([@[Fecha_Cierre_Operativo]]<>"";[@[Fecha_Cierre_Administrativo]]>=[@[Fecha_Cierre_Operativo]])));"OK";"REVISAR"));"REVISAR") | X188: =SI([@SBAN]="";"";BUSCARV([@SBAN];Cronograma_Maestro!$A:$M;6;FALSO))
A189: 1556 | B189: =SI([@SBAN]="";"";BUSCARV([@SBAN];Cronograma_Maestro!$A:$M;2;FALSO)) | C189: =SI([@SBAN]="";"";BUSCARV([@SBAN];Cronograma_Maestro!$A:$M;3;FALSO)) | D189: =SI([@SBAN]="";"";BUSCARV([@SBAN];Cronograma_Maestro!$A:$M;4;FALSO)) | E189: =SI([@SBAN]="";"";BUSCARV([@SBAN];Cronograma_Maestro!$A:$M;5;FALSO)) | F189: Andrés Felipe Carvajal Pire | G189: PMU COLSOF | H189: 46286 | I189: 46287 | L189: Programada | N189: =SI(O([@[Fecha_Programada_Inicio]]="";[@[Fecha_Inicio_Real]]="");"";SI([@[Fecha_Inicio_Real]]<=[@[Fecha_Programada_Inicio]];"SÍ";"NO")) | O189: =SI(O([@[Fecha_Programada_Fin]]="";[@[Fecha_Cierre_Operativo]]="");"";SI([@[Fecha_Cierre_Operativo]]<=SI([@[Fecha_Nueva_Programada]]<>"";[@[Fecha_Nueva_Programada]];[@[Fecha_Programada_Fin]]);"SÍ";"NO")) | P189: =SI(O([@[Cumpli_Ingreso]]="";[@[Cumpli_Salida]]="");"";SI(Y([@[Cumpli_Ingreso]]="SÍ";[@[Cumpli_Salida]]="SÍ");"SÍ";"NO")) | Q189: =SI(O([@[Fecha_Programada_Fin]]="";[@[Fecha_Cierre_Operativo]]="");"";MAX(0;ENTERO([@[Fecha_Cierre_Operativo]])-ENTERO(SI([@[Fecha_Nueva_Programada]]<>"";[@[Fecha_Nueva_Programada]];[@[Fecha_Programada_Fin]]))) | U189: 15 | W189: =SI.ERROR(SI(O([@[Fecha_Programada_Inicio]]="";[@[Fecha_Programada_Fin]]="");"";SI(Y([@[Fecha_Programada_Fin]]>=[@[Fecha_Programada_Inicio]];SI([@[Fecha_Cierre_Operativo]]="";VERDADERO;[@[Fecha_Cierre_Operativo]]>=[@[Fecha_Inicio_Real]]);SI([@[Fecha_Cierre_Administrativo]]="";VERDADERO;Y([@[Fecha_Cierre_Operativo]]<>"";[@[Fecha_Cierre_Administrativo]]>=[@[Fecha_Cierre_Operativo]])));"OK";"REVISAR"));"REVISAR") | X189: =SI([@SBAN]="";"";BUSCARV([@SBAN];Cronograma_Maestro!$A:$M;6;FALSO))
A190: 1560 | B190: =SI([@SBAN]="";"";BUSCARV([@SBAN];Cronograma_Maestro!$A:$M;2;FALSO)) | C190: =SI([@SBAN]="";"";BUSCARV([@SBAN];Cronograma_Maestro!$A:$M;3;FALSO)) | D190: =SI([@SBAN]="";"";BUSCARV([@SBAN];Cronograma_Maestro!$A:$M;4;FALSO)) | E190: =SI([@SBAN]="";"";BUSCARV([@SBAN];Cronograma_Maestro!$A:$M;5;FALSO)) | F190: Luz Nélida Barragán Toro Y ANDRES FELIPE DIAZ | G190: PMU COLSOF | H190: 46314 | I190: 46318 | L190: Programada | N190: =SI(O([@[Fecha_Programada_Inicio]]="";[@[Fecha_Inicio_Real]]="");"";SI([@[Fecha_Inicio_Real]]<=[@[Fecha_Programada_Inicio]];"SÍ";"NO")) | O190: =SI(O([@[Fecha_Programada_Fin]]="";[@[Fecha_Cierre_Operativo]]="");"";SI([@[Fecha_Cierre_Operativo]]<=SI([@[Fecha_Nueva_Programada]]<>"";[@[Fecha_Nueva_Programada]];[@[Fecha_Programada_Fin]]);"SÍ";"NO")) | P190: =SI(O([@[Cumpli_Ingreso]]="";[@[Cumpli_Salida]]="");"";SI(Y([@[Cumpli_Ingreso]]="SÍ";[@[Cumpli_Salida]]="SÍ");"SÍ";"NO")) | Q190: =SI(O([@[Fecha_Programada_Fin]]="";[@[Fecha_Cierre_Operativo]]="");"";MAX(0;ENTERO([@[Fecha_Cierre_Operativo]])-ENTERO(SI([@[Fecha_Nueva_Programada]]<>"";[@[Fecha_Nueva_Programada]];[@[Fecha_Programada_Fin]]))) | U190: 27 | W190: =SI.ERROR(SI(O([@[Fecha_Programada_Inicio]]="";[@[Fecha_Programada_Fin]]="");"";SI(Y([@[Fecha_Programada_Fin]]>=[@[Fecha_Programada_Inicio]];SI([@[Fecha_Cierre_Operativo]]="";VERDADERO;[@[Fecha_Cierre_Operativo]]>=[@[Fecha_Inicio_Real]]);SI([@[Fecha_Cierre_Administrativo]]="";VERDADERO;Y([@[Fecha_Cierre_Operativo]]<>"";[@[Fecha_Cierre_Administrativo]]>=[@[Fecha_Cierre_Operativo]])));"OK";"REVISAR"));"REVISAR") | X190: =SI([@SBAN]="";"";BUSCARV([@SBAN];Cronograma_Maestro!$A:$M;6;FALSO))
... A205: 1580 | B205: =SI([@SBAN]="";"";BUSCARV([@SBAN];Cronograma_Maestro!$A:$M;2;FALSO)) | C205: =SI([@SBAN]="";"";BUSCARV([@SBAN];Cronograma_Maestro!$A:$M;3;FALSO)) | D205: =SI([@SBAN]="";"";BUSCARV([@SBAN];Cronograma_Maestro!$A:$M;4;FALSO)) | E205: =SI([@SBAN]="";"";BUSCARV([@SBAN];Cronograma_Maestro!$A:$M;5;FALSO)) | F205: Andrés Felipe Díaz Noy | G205: PMU COLSOF | H205: 46288 | I205: 46289 | L205: Programada | N205: =SI(O([@[Fecha_Programada_Inicio]]="";[@[Fecha_Inicio_Real]]="");"";SI([@[Fecha_Inicio_Real]]<=[@[Fecha_Programada_Inicio]];"SÍ";"NO")) | O205: =SI(O([@[Fecha_Programada_Fin]]="";[@[Fecha_Cierre_Operativo]]="");"";SI([@[Fecha_Cierre_Operativo]]<=SI([@[Fecha_Nueva_Programada]]<>"";[@[Fecha_Nueva_Programada]];[@[Fecha_Programada_Fin]]);"SÍ";"NO")) | P205: =SI(O([@[Cumpli_Ingreso]]="";[@[Cumpli_Salida]]="");"";SI(Y([@[Cumpli_Ingreso]]="SÍ";[@[Cumpli_Salida]]="SÍ");"SÍ";"NO")) | Q205: =SI(O([@[Fecha_Programada_Fin]]="";[@[Fecha_Cierre_Operativo]]="");"";MAX(0;ENTERO([@[Fecha_Cierre_Operativo]])-ENTERO(SI([@[Fecha_Nueva_Programada]]<>"";[@[Fecha_Nueva_Programada]];[@[Fecha_Programada_Fin]]))) | U205: 17 | W205: =SI.ERROR(SI(O([@[Fecha_Programada_Inicio]]="";[@[Fecha_Programada_Fin]]="");"";SI(Y([@[Fecha_Programada_Fin]]>=[@[Fecha_Programada_Inicio]];SI([@[Fecha_Cierre_Operativo]]="";VERDADERO;[@[Fecha_Cierre_Operativo]]>=[@[Fecha_Inicio_Real]]);SI([@[Fecha_Cierre_Administrativo]]="";VERDADERO;Y([@[Fecha_Cierre_Operativo]]<>"";[@[Fecha_Cierre_Administrativo]]>=[@[Fecha_Cierre_Operativo]])));"OK";"REVISAR"));"REVISAR") | X205: =SI([@SBAN]="";"";BUSCARV([@SBAN];Cronograma_Maestro!$A:$M;6;FALSO))
A206: 1582 | B206: =SI([@SBAN]="";"";BUSCARV([@SBAN];Cronograma_Maestro!$A:$M;2;FALSO)) | C206: =SI([@SBAN]="";"";BUSCARV([@SBAN];Cronograma_Maestro!$A:$M;3;FALSO)) | D206: =SI([@SBAN]="";"";BUSCARV([@SBAN];Cronograma_Maestro!$A:$M;4;FALSO)) | E206: =SI([@SBAN]="";"";BUSCARV([@SBAN];Cronograma_Maestro!$A:$M;5;FALSO)) | F206: Andrés Felipe Carvajal Pire | G206: PMU COLSOF | H206: 46266 | I206: 46267 | J206: 46266 | L206: En Proceso | N206: =SI(O([@[Fecha_Programada_Inicio]]="";[@[Fecha_Inicio_Real]]="");"";SI([@[Fecha_Inicio_Real]]<=[@[Fecha_Programada_Inicio]];"SÍ";"NO")) | O206: =SI(O([@[Fecha_Programada_Fin]]="";[@[Fecha_Cierre_Operativo]]="");"";SI([@[Fecha_Cierre_Operativo]]<=SI([@[Fecha_Nueva_Programada]]<>"";[@[Fecha_Nueva_Programada]];[@[Fecha_Programada_Fin]]);"SÍ";"NO")) | P206: =SI(O([@[Cumpli_Ingreso]]="";[@[Cumpli_Salida]]="");"";SI(Y([@[Cumpli_Ingreso]]="SÍ";[@[Cumpli_Salida]]="SÍ");"SÍ";"NO")) | Q206: =SI(O([@[Fecha_Programada_Fin]]="";[@[Fecha_Cierre_Operativo]]="");"";MAX(0;ENTERO([@[Fecha_Cierre_Operativo]])-ENTERO(SI([@[Fecha_Nueva_Programada]]<>"";[@[Fecha_Nueva_Programada]];[@[Fecha_Programada_Fin]]))) | U206: 12 | W206: =SI.ERROR(SI(O([@[Fecha_Programada_Inicio]]="";[@[Fecha_Programada_Fin]]="");"";SI(Y([@[Fecha_Programada_Fin]]>=[@[Fecha_Programada_Inicio]];SI([@[Fecha_Cierre_Operativo]]="";VERDADERO;[@[Fecha_Cierre_Operativo]]>=[@[Fecha_Inicio_Real]]);SI([@[Fecha_Cierre_Administrativo]]="";VERDADERO;Y([@[Fecha_Cierre_Operativo]]<>"";[@[Fecha_Cierre_Administrativo]]>=[@[Fecha_Cierre_Operativo]])));"OK";"REVISAR"));"REVISAR") | X206: =SI([@SBAN]="";"";BUSCARV([@SBAN];Cronograma_Maestro!$A:$M;6;FALSO))
A207: 1583 | B207: =SI([@SBAN]="";"";BUSCARV([@SBAN];Cronograma_Maestro!$A:$M;2;FALSO)) | C207: =SI([@SBAN]="";"";BUSCARV([@SBAN];Cronograma_Maestro!$A:$M;3;FALSO)) | D207: =SI([@SBAN]="";"";BUSCARV([@SBAN];Cronograma_Maestro!$A:$M;4;FALSO)) | E207: =SI([@SBAN]="";"";BUSCARV([@SBAN];Cronograma_Maestro!$A:$M;5;FALSO)) | F207: Andrés Felipe Carvajal Pire | G207: PMU COLSOF | H207: 46280 | I207: 46281 | L207: Programada | N207: =SI(O([@[Fecha_Programada_Inicio]]="";[@[Fecha_Inicio_Real]]="");"";SI([@[Fecha_Inicio_Real]]<=[@[Fecha_Programada_Inicio]];"SÍ";"NO")) | O207: =SI(O([@[Fecha_Programada_Fin]]="";[@[Fecha_Cierre_Operativo]]="");"";SI([@[Fecha_Cierre_Operativo]]<=SI([@[Fecha_Nueva_Programada]]<>"";[@[Fecha_Nueva_Programada]];[@[Fecha_Programada_Fin]]);"SÍ";"NO")) | P207: =SI(O([@[Cumpli_Ingreso]]="";[@[Cumpli_Salida]]="");"";SI(Y([@[Cumpli_Ingreso]]="SÍ";[@[Cumpli_Salida]]="SÍ");"SÍ";"NO")) | Q207: =SI(O([@[Fecha_Programada_Fin]]="";[@[Fecha_Cierre_Operativo]]="");"";MAX(0;ENTERO([@[Fecha_Cierre_Operativo]])-ENTERO(SI([@[Fecha_Nueva_Programada]]<>"";[@[Fecha_Nueva_Programada]];[@[Fecha_Programada_Fin]]))) | U207: 22 | W207: =SI.ERROR(SI(O([@[Fecha_Programada_Inicio]]="";[@[Fecha_Programada_Fin]]="");"";SI(Y([@[Fecha_Programada_Fin]]>=[@[Fecha_Programada_Inicio]];SI([@[Fecha_Cierre_Operativo]]="";VERDADERO;[@[Fecha_Cierre_Operativo]]>=[@[Fecha_Inicio_Real]]);SI([@[Fecha_Cierre_Administrativo]]="";VERDADERO;Y([@[Fecha_Cierre_Operativo]]<>"";[@[Fecha_Cierre_Administrativo]]>=[@[Fecha_Cierre_Operativo]])));"OK";"REVISAR"));"REVISAR") | X207: =SI([@SBAN]="";"";BUSCARV([@SBAN];Cronograma_Maestro!$A:$M;6;FALSO))
A208: 1584 | B208: =SI([@SBAN]="";"";BUSCARV([@SBAN];Cronograma_Maestro!$A:$M;2;FALSO)) | C208: =SI([@SBAN]="";"";BUSCARV([@SBAN];Cronograma_Maestro!$A:$M;3;FALSO)) | D208: =SI([@SBAN]="";"";BUSCARV([@SBAN];Cronograma_Maestro!$A:$M;4;FALSO)) | E208: =SI([@SBAN]="";"";BUSCARV([@SBAN];Cronograma_Maestro!$A:$M;5;FALSO)) | F208: Mauricio Andrés Rivera Páez | G208: PMU COLSOF | H208: 46272 | I208: 46273 | L208: Programada | N208: =SI(O([@[Fecha_Programada_Inicio]]="";[@[Fecha_Inicio_Real]]="");"";SI([@[Fecha_Inicio_Real]]<=[@[Fecha_Programada_Inicio]];"SÍ";"NO")) | O208: =SI(O([@[Fecha_Programada_Fin]]="";[@[Fecha_Cierre_Operativo]]="");"";SI([@[Fecha_Cierre_Operativo]]<=SI([@[Fecha_Nueva_Programada]]<>"";[@[Fecha_Nueva_Programada]];[@[Fecha_Programada_Fin]]);"SÍ";"NO")) | P208: =SI(O([@[Cumpli_Ingreso]]="";[@[Cumpli_Salida]]="");"";SI(Y([@[Cumpli_Ingreso]]="SÍ";[@[Cumpli_Salida]]="SÍ");"SÍ";"NO")) | Q208: =SI(O([@[Fecha_Programada_Fin]]="";[@[Fecha_Cierre_Operativo]]="");"";MAX(0;ENTERO([@[Fecha_Cierre_Operativo]])-ENTERO(SI([@[Fecha_Nueva_Programada]]<>"";[@[Fecha_Nueva_Programada]];[@[Fecha_Programada_Fin]]))) | U208: 18 | W208: =SI.ERROR(SI(O([@[Fecha_Programada_Inicio]]="";[@[Fecha_Programada_Fin]]="");"";SI(Y([@[Fecha_Programada_Fin]]>=[@[Fecha_Programada_Inicio]];SI([@[Fecha_Cierre_Operativo]]="";VERDADERO;[@[Fecha_Cierre_Operativo]]>=[@[Fecha_Inicio_Real]]);SI([@[Fecha_Cierre_Administrativo]]="";VERDADERO;Y([@[Fecha_Cierre_Operativo]]<>"";[@[Fecha_Cierre_Administrativo]]>=[@[Fecha_Cierre_Operativo]])));"OK";"REVISAR"));"REVISAR") | X208: =SI([@SBAN]="";"";BUSCARV([@SBAN];Cronograma_Maestro!$A:$M;6;FALSO))
A209: 1585 | B209: =SI([@SBAN]="";"";BUSCARV([@SBAN];Cronograma_Maestro!$A:$M;2;FALSO)) | C209: =SI([@SBAN]="";"";BUSCARV([@SBAN];Cronograma_Maestro!$A:$M;3;FALSO)) | D209: =SI([@SBAN]="";"";BUSCARV([@SBAN];Cronograma_Maestro!$A:$M;4;FALSO)) | E209: =SI([@SBAN]="";"";BUSCARV([@SBAN];Cronograma_Maestro!$A:$M;5;FALSO)) | F209: Mauricio Andrés Rivera Páez | G209: PMU COLSOF | H209: 46273 | I209: 46274 | L209: Programada | N209: =SI(O([@[Fecha_Programada_Inicio]]="";[@[Fecha_Inicio_Real]]="");"";SI([@[Fecha_Inicio_Real]]<=[@[Fecha_Programada_Inicio]];"SÍ";"NO")) | O209: =SI(O([@[Fecha_Programada_Fin]]="";[@[Fecha_Cierre_Operativo]]="");"";SI([@[Fecha_Cierre_Operativo]]<=SI([@[Fecha_Nueva_Programada]]<>"";[@[Fecha_Nueva_Programada]];[@[Fecha_Programada_Fin]]);"SÍ";"NO")) | P209: =SI(O([@[Cumpli_Ingreso]]="";[@[Cumpli_Salida]]="");"";SI(Y([@[Cumpli_Ingreso]]="SÍ";[@[Cumpli_Salida]]="SÍ");"SÍ";"NO")) | Q209: =SI(O([@[Fecha_Programada_Fin]]="";[@[Fecha_Cierre_Operativo]]="");"";MAX(0;ENTERO([@[Fecha_Cierre_Operativo]])-ENTERO(SI([@[Fecha_Nueva_Programada]]<>"";[@[Fecha_Nueva_Programada]];[@[Fecha_Programada_Fin]]))) | U209: 17 | W209: =SI.ERROR(SI(O([@[Fecha_Programada_Inicio]]="";[@[Fecha_Programada_Fin]]="");"";SI(Y([@[Fecha_Programada_Fin]]>=[@[Fecha_Programada_Inicio]];SI([@[Fecha_Cierre_Operativo]]="";VERDADERO;[@[Fecha_Cierre_Operativo]]>=[@[Fecha_Inicio_Real]]);SI([@[Fecha_Cierre_Administrativo]]="";VERDADERO;Y([@[Fecha_Cierre_Operativo]]<>"";[@[Fecha_Cierre_Administrativo]]>=[@[Fecha_Cierre_Operativo]])));"OK";"REVISAR"));"REVISAR") | X209: =SI([@SBAN]="";"";BUSCARV([@SBAN];Cronograma_Maestro!$A:$M;6;FALSO))
A210: 1586 | B210: =SI([@SBAN]="";"";BUSCARV([@SBAN];Cronograma_Maestro!$A:$M;2;FALSO)) | C210: =SI([@SBAN]="";"";BUSCARV([@SBAN];Cronograma_Maestro!$A:$M;3;FALSO)) | D210: =SI([@SBAN]="";"";BUSCARV([@SBAN];Cronograma_Maestro!$A:$M;4;FALSO)) | E210: =SI([@SBAN]="";"";BUSCARV([@SBAN];Cronograma_Maestro!$A:$M;5;FALSO)) | F210: Mauricio Andrés Rivera Páez | G210: PMU COLSOF | H210: 46266 | I210: 46267 | J210: 46266 | L210: En Proceso | N210: =SI(O([@[Fecha_Programada_Inicio]]="";[@[Fecha_Inicio_Real]]="");"";SI([@[Fecha_Inicio_Real]]<=[@[Fecha_Programada_Inicio]];"SÍ";"NO")) | O210: =SI(O([@[Fecha_Programada_Fin]]="";[@[Fecha_Cierre_Operativo]]="");"";SI([@[Fecha_Cierre_Operativo]]<=SI([@[Fecha_Nueva_Programada]]<>"";[@[Fecha_Nueva_Programada]];[@[Fecha_Programada_Fin]]);"SÍ";"NO")) | P210: =SI(O([@[Cumpli_Ingreso]]="";[@[Cumpli_Salida]]="");"";SI(Y([@[Cumpli_Ingreso]]="SÍ";[@[Cumpli_Salida]]="SÍ");"SÍ";"NO")) | Q210: =SI(O([@[Fecha_Programada_Fin]]="";[@[Fecha_Cierre_Operativo]]="");"";MAX(0;ENTERO([@[Fecha_Cierre_Operativo]])-ENTERO(SI([@[Fecha_Nueva_Programada]]<>"";[@[Fecha_Nueva_Programada]];[@[Fecha_Programada_Fin]]))) | U210: 12 | W210: =SI.ERROR(SI(O([@[Fecha_Programada_Inicio]]="";[@[Fecha_Programada_Fin]]="");"";SI(Y([@[Fecha_Programada_Fin]]>=[@[Fecha_Programada_Inicio]];SI([@[Fecha_Cierre_Operativo]]="";VERDADERO;[@[Fecha_Cierre_Operativo]]>=[@[Fecha_Inicio_Real]]);SI([@[Fecha_Cierre_Administrativo]]="";VERDADERO;Y([@[Fecha_Cierre_Operativo]]<>"";[@[Fecha_Cierre_Administrativo]]>=[@[Fecha_Cierre_Operativo]])));"OK";"REVISAR"));"REVISAR") | X210: =SI([@SBAN]="";"";BUSCARV([@SBAN];Cronograma_Maestro!$A:$M;6;FALSO))
A211: 1587 | B211: =SI([@SBAN]="";"";BUSCARV([@SBAN];Cronograma_Maestro!$A:$M;2;FALSO)) | C211: =SI([@SBAN]="";"";BUSCARV([@SBAN];Cronograma_Maestro!$A:$M;3;FALSO)) | D211: =SI([@SBAN]="";"";BUSCARV([@SBAN];Cronograma_Maestro!$A:$M;4;FALSO)) | E211: =SI([@SBAN]="";"";BUSCARV([@SBAN];Cronograma_Maestro!$A:$M;5;FALSO)) | F211: Mauricio Andrés Rivera Páez | G211: PMU COLSOF | H211: 46288 | I211: 46289 | L211: Programada | N211: =SI(O([@[Fecha_Programada_Inicio]]="";[@[Fecha_Inicio_Real]]="");"";SI([@[Fecha_Inicio_Real]]<=[@[Fecha_Programada_Inicio]];"SÍ";"NO")) | O211: =SI(O([@[Fecha_Programada_Fin]]="";[@[Fecha_Cierre_Operativo]]="");"";SI([@[Fecha_Cierre_Operativo]]<=SI([@[Fecha_Nueva_Programada]]<>"";[@[Fecha_Nueva_Programada]];[@[Fecha_Programada_Fin]]);"SÍ";"NO")) | P211: =SI(O([@[Cumpli_Ingreso]]="";[@[Cumpli_Salida]]="");"";SI(Y([@[Cumpli_Ingreso]]="SÍ";[@[Cumpli_Salida]]="SÍ");"SÍ";"NO")) | Q211: =SI(O([@[Fecha_Programada_Fin]]="";[@[Fecha_Cierre_Operativo]]="");"";MAX(0;ENTERO([@[Fecha_Cierre_Operativo]])-ENTERO(SI([@[Fecha_Nueva_Programada]]<>"";[@[Fecha_Nueva_Programada]];[@[Fecha_Programada_Fin]]))) | U211: 19 | W211: =SI.ERROR(SI(O([@[Fecha_Programada_Inicio]]="";[@[Fecha_Programada_Fin]]="");"";SI(Y([@[Fecha_Programada_Fin]]>=[@[Fecha_Programada_Inicio]];SI([@[Fecha_Cierre_Operativo]]="";VERDADERO;[@[Fecha_Cierre_Operativo]]>=[@[Fecha_Inicio_Real]]);SI([@[Fecha_Cierre_Administrativo]]="";VERDADERO;Y([@[Fecha_Cierre_Operativo]]<>"";[@[Fecha_Cierre_Administrativo]]>=[@[Fecha_Cierre_Operativo]])));"OK";"REVISAR"));"REVISAR") | X211: =SI([@SBAN]="";"";BUSCARV([@SBAN];Cronograma_Maestro!$A:$M;6;FALSO))
A212: 1588 | B212: =SI([@SBAN]="";"";BUSCARV([@SBAN];Cronograma_Maestro!$A:$M;2;FALSO)) | C212: =SI([@SBAN]="";"";BUSCARV([@SBAN];Cronograma_Maestro!$A:$M;3;FALSO)) | D212: =SI([@SBAN]="";"";BUSCARV([@SBAN];Cronograma_Maestro!$A:$M;4;FALSO)) | E212: =SI([@SBAN]="";"";BUSCARV([@SBAN];Cronograma_Maestro!$A:$M;5;FALSO)) | F212: Luz Nélida Barragán Toro | G212: PMU COLSOF | H212: 46283 | I212: 46283 | L212: Programada | N212: =SI(O([@[Fecha_Programada_Inicio]]="";[@[Fecha_Inicio_Real]]="");"";SI([@[Fecha_Inicio_Real]]<=[@[Fecha_Programada_Inicio]];"SÍ";"NO")) | O212: =SI(O([@[Fecha_Programada_Fin]]="";[@[Fecha_Cierre_Operativo]]="");"";SI([@[Fecha_Cierre_Operativo]]<=SI([@[Fecha_Nueva_Programada]]<>"";[@[Fecha_Nueva_Programada]];[@[Fecha_Programada_Fin]]);"SÍ";"NO")) | P212: =SI(O([@[Cumpli_Ingreso]]="";[@[Cumpli_Salida]]="");"";SI(Y([@[Cumpli_Ingreso]]="SÍ";[@[Cumpli_Salida]]="SÍ");"SÍ";"NO")) | Q212: =SI(O([@[Fecha_Programada_Fin]]="";[@[Fecha_Cierre_Operativo]]="");"";MAX(0;ENTERO([@[Fecha_Cierre_Operativo]])-ENTERO(SI([@[Fecha_Nueva_Programada]]<>"";[@[Fecha_Nueva_Programada]];[@[Fecha_Programada_Fin]]))) | U212: 12 | W212: =SI.ERROR(SI(O([@[Fecha_Programada_Inicio]]="";[@[Fecha_Programada_Fin]]="");"";SI(Y([@[Fecha_Programada_Fin]]>=[@[Fecha_Programada_Inicio]];SI([@[Fecha_Cierre_Operativo]]="";VERDADERO;[@[Fecha_Cierre_Operativo]]>=[@[Fecha_Inicio_Real]]);SI([@[Fecha_Cierre_Administrativo]]="";VERDADERO;Y([@[Fecha_Cierre_Operativo]]<>"";[@[Fecha_Cierre_Administrativo]]>=[@[Fecha_Cierre_Operativo]])));"OK";"REVISAR"));"REVISAR") | X212: =SI([@SBAN]="";"";BUSCARV([@SBAN];Cronograma_Maestro!$A:$M;6;FALSO))
A213: 1589 | B213: =SI([@SBAN]="";"";BUSCARV([@SBAN];Cronograma_Maestro!$A:$M;2;FALSO)) | C213: =SI([@SBAN]="";"";BUSCARV([@SBAN];Cronograma_Maestro!$A:$M;3;FALSO)) | D213: =SI([@SBAN]="";"";BUSCARV([@SBAN];Cronograma_Maestro!$A:$M;4;FALSO)) | E213: =SI([@SBAN]="";"";BUSCARV([@SBAN];Cronograma_Maestro!$A:$M;5;FALSO)) | F213: Andrés Felipe Díaz Noy | G213: PMU COLSOF | H213: 46287 | I213: 46288 | L213: Programada | N213: =SI(O([@[Fecha_Programada_Inicio]]="";[@[Fecha_Inicio_Real]]="");"";SI([@[Fecha_Inicio_Real]]<=[@[Fecha_Programada_Inicio]];"SÍ";"NO")) | O213: =SI(O([@[Fecha_Programada_Fin]]="";[@[Fecha_Cierre_Operativo]]="");"";SI([@[Fecha_Cierre_Operativo]]<=SI([@[Fecha_Nueva_Programada]]<>"";[@[Fecha_Nueva_Programada]];[@[Fecha_Programada_Fin]]);"SÍ";"NO")) | P213: =SI(O([@[Cumpli_Ingreso]]="";[@[Cumpli_Salida]]="");"";SI(Y([@[Cumpli_Ingreso]]="SÍ";[@[Cumpli_Salida]]="SÍ");"SÍ";"NO")) | Q213: =SI(O([@[Fecha_Programada_Fin]]="";[@[Fecha_Cierre_Operativo]]="");"";MAX(0;ENTERO([@[Fecha_Cierre_Operativo]])-ENTERO(SI([@[Fecha_Nueva_Programada]]<>"";[@[Fecha_Nueva_Programada]];[@[Fecha_Programada_Fin]]))) | U213: 14 | W213: =SI.ERROR(SI(O([@[Fecha_Programada_Inicio]]="";[@[Fecha_Programada_Fin]]="");"";SI(Y([@[Fecha_Programada_Fin]]>=[@[Fecha_Programada_Inicio]];SI([@[Fecha_Cierre_Operativo]]="";VERDADERO;[@[Fecha_Cierre_Operativo]]>=[@[Fecha_Inicio_Real]]);SI([@[Fecha_Cierre_Administrativo]]="";VERDADERO;Y([@[Fecha_Cierre_Operativo]]<>"";[@[Fecha_Cierre_Administrativo]]>=[@[Fecha_Cierre_Operativo]])));"OK";"REVISAR"));"REVISAR") | X213: =SI([@SBAN]="";"";BUSCARV([@SBAN];Cronograma_Maestro!$A:$M;6;FALSO))
A214: 1590 | B214: =SI([@SBAN]="";"";BUSCARV([@SBAN];Cronograma_Maestro!$A:$M;2;FALSO)) | C214: =SI([@SBAN]="";"";BUSCARV([@SBAN];Cronograma_Maestro!$A:$M;3;FALSO)) | D214: =SI([@SBAN]="";"";BUSCARV([@SBAN];Cronograma_Maestro!$A:$M;4;FALSO)) | E214: =SI([@SBAN]="";"";BUSCARV([@SBAN];Cronograma_Maestro!$A:$M;5;FALSO)) | F214: Luz Nélida Barragán Toro | G214: PMU COLSOF | H214: 46288 | I214: 46289 | L214: Programada | N214: =SI(O([@[Fecha_Programada_Inicio]]="";[@[Fecha_Inicio_Real]]="");"";SI([@[Fecha_Inicio_Real]]<=[@[Fecha_Programada_Inicio]];"SÍ";"NO")) | O214: =SI(O([@[Fecha_Programada_Fin]]="";[@[Fecha_Cierre_Operativo]]="");"";SI([@[Fecha_Cierre_Operativo]]<=SI([@[Fecha_Nueva_Programada]]<>"";[@[Fecha_Nueva_Programada]];[@[Fecha_Programada_Fin]]);"SÍ";"NO")) | P214: =SI(O([@[Cumpli_Ingreso]]="";[@[Cumpli_Salida]]="");"";SI(Y([@[Cumpli_Ingreso]]="SÍ";[@[Cumpli_Salida]]="SÍ");"SÍ";"NO")) | Q214: =SI(O([@[Fecha_Programada_Fin]]="";[@[Fecha_Cierre_Operativo]]="");"";MAX(0;ENTERO([@[Fecha_Cierre_Operativo]])-ENTERO(SI([@[Fecha_Nueva_Programada]]<>"";[@[Fecha_Nueva_Programada]];[@[Fecha_Programada_Fin]]))) | U214: 17 | W214: =SI.ERROR(SI(O([@[Fecha_Programada_Inicio]]="";[@[Fecha_Programada_Fin]]="");"";SI(Y([@[Fecha_Programada_Fin]]>=[@[Fecha_Programada_Inicio]];SI([@[Fecha_Cierre_Operativo]]="";VERDADERO;[@[Fecha_Cierre_Operativo]]>=[@[Fecha_Inicio_Real]]);SI([@[Fecha_Cierre_Administrativo]]="";VERDADERO;Y([@[Fecha_Cierre_Operativo]]<>"";[@[Fecha_Cierre_Administrativo]]>=[@[Fecha_Cierre_Operativo]])));"OK";"REVISAR"));"REVISAR") | X214: =SI([@SBAN]="";"";BUSCARV([@SBAN];Cronograma_Maestro!$A:$M;6;FALSO))
A215: 1592 | B215: =SI([@SBAN]="";"";BUSCARV([@SBAN];Cronograma_Maestro!$A:$M;2;FALSO)) | C215: =SI([@SBAN]="";"";BUSCARV([@SBAN];Cronograma_Maestro!$A:$M;3;FALSO)) | D215: =SI([@SBAN]="";"";BUSCARV([@SBAN];Cronograma_Maestro!$A:$M;4;FALSO)) | E215: =SI([@SBAN]="";"";BUSCARV([@SBAN];Cronograma_Maestro!$A:$M;5;FALSO)) | F215: Mauricio Andrés Rivera Páez | G215: PMU COLSOF | H215: 46287 | I215: 46288 | L215: Programada | N215: =SI(O([@[Fecha_Programada_Inicio]]="";[@[Fecha_Inicio_Real]]="");"";SI([@[Fecha_Inicio_Real]]<=[@[Fecha_Programada_Inicio]];"SÍ";"NO")) | O215: =SI(O([@[Fecha_Programada_Fin]]="";[@[Fecha_Cierre_Operativo]]="");"";SI([@[Fecha_Cierre_Operativo]]<=SI([@[Fecha_Nueva_Programada]]<>"";[@[Fecha_Nueva_Programada]];[@[Fecha_Programada_Fin]]);"SÍ";"NO")) | P215: =SI(O([@[Cumpli_Ingreso]]="";[@[Cumpli_Salida]]="");"";SI(Y([@[Cumpli_Ingreso]]="SÍ";[@[Cumpli_Salida]]="SÍ");"SÍ";"NO")) | Q215: =SI(O([@[Fecha_Programada_Fin]]="";[@[Fecha_Cierre_Operativo]]="");"";MAX(0;ENTERO([@[Fecha_Cierre_Operativo]])-ENTERO(SI([@[Fecha_Nueva_Programada]]<>"";[@[Fecha_Nueva_Programada]];[@[Fecha_Programada_Fin]]))) | U215: 19 | W215: =SI.ERROR(SI(O([@[Fecha_Programada_Inicio]]="";[@[Fecha_Programada_Fin]]="");"";SI(Y([@[Fecha_Programada_Fin]]>=[@[Fecha_Programada_Inicio]];SI([@[Fecha_Cierre_Operativo]]="";VERDADERO;[@[Fecha_Cierre_Operativo]]>=[@[Fecha_Inicio_Real]]);SI([@[Fecha_Cierre_Administrativo]]="";VERDADERO;Y([@[Fecha_Cierre_Operativo]]<>"";[@[Fecha_Cierre_Administrativo]]>=[@[Fecha_Cierre_Operativo]])));"OK";"REVISAR"));"REVISAR") | X215: =SI([@SBAN]="";"";BUSCARV([@SBAN];Cronograma_Maestro!$A:$M;6;FALSO))
A216: 1593 | B216: =SI([@SBAN]="";"";BUSCARV([@SBAN];Cronograma_Maestro!$A:$M;2;FALSO)) | C216: =SI([@SBAN]="";"";BUSCARV([@SBAN];Cronograma_Maestro!$A:$M;3;FALSO)) | D216: =SI([@SBAN]="";"";BUSCARV([@SBAN];Cronograma_Maestro!$A:$M;4;FALSO)) | E216: =SI([@SBAN]="";"";BUSCARV([@SBAN];Cronograma_Maestro!$A:$M;5;FALSO)) | F216: Andrés Felipe Carvajal Pire | G216: PMU COLSOF | H216: 46289 | I216: 46290 | L216: Programada | N216: =SI(O([@[Fecha_Programada_Inicio]]="";[@[Fecha_Inicio_Real]]="");"";SI([@[Fecha_Inicio_Real]]<=[@[Fecha_Programada_Inicio]];"SÍ";"NO")) | O216: =SI(O([@[Fecha_Programada_Fin]]="";[@[Fecha_Cierre_Operativo]]="");"";SI([@[Fecha_Cierre_Operativo]]<=SI([@[Fecha_Nueva_Programada]]<>"";[@[Fecha_Nueva_Programada]];[@[Fecha_Programada_Fin]]);"SÍ";"NO")) | P216: =SI(O([@[Cumpli_Ingreso]]="";[@[Cumpli_Salida]]="");"";SI(Y([@[Cumpli_Ingreso]]="SÍ";[@[Cumpli_Salida]]="SÍ");"SÍ";"NO")) | Q216: =SI(O([@[Fecha_Programada_Fin]]="";[@[Fecha_Cierre_Operativo]]="");"";MAX(0;ENTERO([@[Fecha_Cierre_Operativo]])-ENTERO(SI([@[Fecha_Nueva_Programada]]<>"";[@[Fecha_Nueva_Programada]];[@[Fecha_Programada_Fin]]))) | U216: 19 | W216: =SI.ERROR(SI(O([@[Fecha_Programada_Inicio]]="";[@[Fecha_Programada_Fin]]="");"";SI(Y([@[Fecha_Programada_Fin]]>=[@[Fecha_Programada_Inicio]];SI([@[Fecha_Cierre_Operativo]]="";VERDADERO;[@[Fecha_Cierre_Operativo]]>=[@[Fecha_Inicio_Real]]);SI([@[Fecha_Cierre_Administrativo]]="";VERDADERO;Y([@[Fecha_Cierre_Operativo]]<>"";[@[Fecha_Cierre_Administrativo]]>=[@[Fecha_Cierre_Operativo]])));"OK";"REVISAR"));"REVISAR") | X216: =SI([@SBAN]="";"";BUSCARV([@SBAN];Cronograma_Maestro!$A:$M;6;FALSO))
A217: 1595 | B217: =SI([@SBAN]="";"";BUSCARV([@SBAN];Cronograma_Maestro!$A:$M;2;FALSO)) | C217: =SI([@SBAN]="";"";BUSCARV([@SBAN];Cronograma_Maestro!$A:$M;3;FALSO)) | D217: =SI([@SBAN]="";"";BUSCARV([@SBAN];Cronograma_Maestro!$A:$M;4;FALSO)) | E217: =SI([@SBAN]="";"";BUSCARV([@SBAN];Cronograma_Maestro!$A:$M;5;FALSO)) | F217: Andrés Felipe Carvajal Pire | G217: PMU COLSOF | H217: 46276 | I217: 46276 | L217: Programada | N217: =SI(O([@[Fecha_Programada_Inicio]]="";[@[Fecha_Inicio_Real]]="");"";SI([@[Fecha_Inicio_Real]]<=[@[Fecha_Programada_Inicio]];"SÍ";"NO")) | O217: =SI(O([@[Fecha_Programada_Fin]]="";[@[Fecha_Cierre_Operativo]]="");"";SI([@[Fecha_Cierre_Operativo]]<=SI([@[Fecha_Nueva_Programada]]<>"";[@[Fecha_Nueva_Programada]];[@[Fecha_Programada_Fin]]);"SÍ";"NO")) | P217: =SI(O([@[Cumpli_Ingreso]]="";[@[Cumpli_Salida]]="");"";SI(Y([@[Cumpli_Ingreso]]="SÍ";[@[Cumpli_Salida]]="SÍ");"SÍ";"NO")) | Q217: =SI(O([@[Fecha_Programada_Fin]]="";[@[Fecha_Cierre_Operativo]]="");"";MAX(0;ENTERO([@[Fecha_Cierre_Operativo]])-ENTERO(SI([@[Fecha_Nueva_Programada]]<>"";[@[Fecha_Nueva_Programada]];[@[Fecha_Programada_Fin]]))) | U217: 13 | W217: =SI.ERROR(SI(O([@[Fecha_Programada_Inicio]]="";[@[Fecha_Programada_Fin]]="");"";SI(Y([@[Fecha_Programada_Fin]]>=[@[Fecha_Programada_Inicio]];SI([@[Fecha_Cierre_Operativo]]="";VERDADERO;[@[Fecha_Cierre_Operativo]]>=[@[Fecha_Inicio_Real]]);SI([@[Fecha_Cierre_Administrativo]]="";VERDADERO;Y([@[Fecha_Cierre_Operativo]]<>"";[@[Fecha_Cierre_Administrativo]]>=[@[Fecha_Cierre_Operativo]])));"OK";"REVISAR"));"REVISAR") | X217: =SI([@SBAN]="";"";BUSCARV([@SBAN];Cronograma_Maestro!$A:$M;6;FALSO))
A218: 1601 | B218: =SI([@SBAN]="";"";BUSCARV([@SBAN];Cronograma_Maestro!$A:$M;2;FALSO)) | C218: =SI([@SBAN]="";"";BUSCARV([@SBAN];Cronograma_Maestro!$A:$M;3;FALSO)) | D218: =SI([@SBAN]="";"";BUSCARV([@SBAN];Cronograma_Maestro!$A:$M;4;FALSO)) | E218: =SI([@SBAN]="";"";BUSCARV([@SBAN];Cronograma_Maestro!$A:$M;5;FALSO)) | F218: JOSÉ CONTRERAS VALERA | G218: PMU COLSOF | H218: 46301 | I218: 46311 | L218: Programada | N218: =SI(O([@[Fecha_Programada_Inicio]]="";[@[Fecha_Inicio_Real]]="");"";SI([@[Fecha_Inicio_Real]]<=[@[Fecha_Programada_Inicio]];"SÍ";"NO")) | O218: =SI(O([@[Fecha_Programada_Fin]]="";[@[Fecha_Cierre_Operativo]]="");"";SI([@[Fecha_Cierre_Operativo]]<=SI([@[Fecha_Nueva_Programada]]<>"";[@[Fecha_Nueva_Programada]];[@[Fecha_Programada_Fin]]);"SÍ";"NO")) | P218: =SI(O([@[Cumpli_Ingreso]]="";[@[Cumpli_Salida]]="");"";SI(Y([@[Cumpli_Ingreso]]="SÍ";[@[Cumpli_Salida]]="SÍ");"SÍ";"NO")) | Q218: =SI(O([@[Fecha_Programada_Fin]]="";[@[Fecha_Cierre_Operativo]]="");"";MAX(0;ENTERO([@[Fecha_Cierre_Operativo]])-ENTERO(SI([@[Fecha_Nueva_Programada]]<>"";[@[Fecha_Nueva_Programada]];[@[Fecha_Programada_Fin]]))) | U218: 69 | W218: =SI.ERROR(SI(O([@[Fecha_Programada_Inicio]]="";[@[Fecha_Programada_Fin]]="");"";SI(Y([@[Fecha_Programada_Fin]]>=[@[Fecha_Programada_Inicio]];SI([@[Fecha_Cierre_Operativo]]="";VERDADERO;[@[Fecha_Cierre_Operativo]]>=[@[Fecha_Inicio_Real]]);SI([@[Fecha_Cierre_Administrativo]]="";VERDADERO;Y([@[Fecha_Cierre_Operativo]]<>"";[@[Fecha_Cierre_Administrativo]]>=[@[Fecha_Cierre_Operativo]])));"OK";"REVISAR"));"REVISAR") | X218: =SI([@SBAN]="";"";BUSCARV([@SBAN];Cronograma_Maestro!$A:$M;6;FALSO))
A219: 1610 | B219: =SI([@SBAN]="";"";BUSCARV([@SBAN];Cronograma_Maestro!$A:$M;2;FALSO)) | C219: =SI([@SBAN]="";"";BUSCARV([@SBAN];Cronograma_Maestro!$A:$M;3;FALSO)) | D219: =SI([@SBAN]="";"";BUSCARV([@SBAN];Cronograma_Maestro!$A:$M;4;FALSO)) | E219: =SI([@SBAN]="";"";BUSCARV([@SBAN];Cronograma_Maestro!$A:$M;5;FALSO)) | F219: Vladimir Faneyte Taborda/Karolyn Ripoll | G219: PMU COLSOF | H219: 46296 | I219: 46297 | L219: Programada | N219: =SI(O([@[Fecha_Programada_Inicio]]="";[@[Fecha_Inicio_Real]]="");"";SI([@[Fecha_Inicio_Real]]<=[@[Fecha_Programada_Inicio]];"SÍ";"NO")) | O219: =SI(O([@[Fecha_Programada_Fin]]="";[@[Fecha_Cierre_Operativo]]="");"";SI([@[Fecha_Cierre_Operativo]]<=SI([@[Fecha_Nueva_Programada]]<>"";[@[Fecha_Nueva_Programada]];[@[Fecha_Programada_Fin]]);"SÍ";"NO")) | P219: =SI(O([@[Cumpli_Ingreso]]="";[@[Cumpli_Salida]]="");"";SI(Y([@[Cumpli_Ingreso]]="SÍ";[@[Cumpli_Salida]]="SÍ");"SÍ";"NO")) | Q219: =SI(O([@[Fecha_Programada_Fin]]="";[@[Fecha_Cierre_Operativo]]="");"";MAX(0;ENTERO([@[Fecha_Cierre_Operativo]])-ENTERO(SI([@[Fecha_Nueva_Programada]]<>"";[@[Fecha_Nueva_Programada]];[@[Fecha_Programada_Fin]]))) | U219: 31 | W219: =SI.ERROR(SI(O([@[Fecha_Programada_Inicio]]="";[@[Fecha_Programada_Fin]]="");"";SI(Y([@[Fecha_Programada_Fin]]>=[@[Fecha_Programada_Inicio]];SI([@[Fecha_Cierre_Operativo]]="";VERDADERO;[@[Fecha_Cierre_Operativo]]>=[@[Fecha_Inicio_Real]]);SI([@[Fecha_Cierre_Administrativo]]="";VERDADERO;Y([@[Fecha_Cierre_Operativo]]<>"";[@[Fecha_Cierre_Administrativo]]>=[@[Fecha_Cierre_Operativo]])));"OK";"REVISAR"));"REVISAR") | X219: =SI([@SBAN]="";"";BUSCARV([@SBAN];Cronograma_Maestro!$A:$M;6;FALSO))
...

Sheet Cronograma_Maestro
A1: SBAN | B1: Nombre_Oficina | C1: Municipio | D1: Departamento | E1: Region | F1: Horario | G1: Direccion | H1: Telefono | I1: Dias_Apertura | J1: Aliado | K1: Fecha_Inicio | L1: Fecha_Fin | M1: Total_Equipos
A2: 10 | B2: CENTRO DE NEGOCIOS BOGOTA CENTRO | C2: Bogotá, D.C. | D2: Bogotá D.C | E2: BOGOTA | F2: 8:00 AM A 3:30 P.M. | G2: Calle 12 c 8-35 | H2: 6013821400 | I2: LUNES A VIERNES | J2: GESTIONATECH | K2: 46302 | L2: 46304 | M2: 56
A3: 20 | B3: BOGOTA CENTRO DE PAGOS, RECAUDOS Y DEPOSITOS JUDICIALES CHAPINERO | C3: Bogotá, D.C. | D3: Bogotá D.C | E3: BOGOTA | F3: 8:00 AM A 3:30 P.M. | G3: Carrera 13 No. 62 - 09 | H3: 6013821400 | I3: LUNES A VIERNES | J3: GESTIONATECH | K3: 46300 | L3: 46301 | M3: 28
A4: 70 | B4: BOGOTA - AVENIDA JIMENEZ | C4: Bogotá, D.C. | D4: Bogotá D.C | E4: BOGOTA | F4: 9:00 A.M. A 4:00 P.M. | G4: Calle 15 No.8-32 | H4: 6013821400 | I4: LUNES A VIERNES | J4: GESTIONATECH | K4: 46293 | L4: 46295 | M4: 45
A5: 230 | B5: BOGOTA - CAN | C5: Bogotá, D.C. | D5: Bogotá D.C | E5: BOGOTA | F5: 9:00 A.M. A 4:00 P.M. | G5: CALLE 44 No 54 - 82 | H5: 6013821400 | I5: LUNES A VIERNES | J5: GESTIONATECH | K5: 46321 | L5: 46321 | M5: 25
A6: 250 | B6: BOGOTA - PALOQUEMAO | C6: Bogotá, D.C. | D6: Bogotá D.C | E6: BOGOTA | F6: 8:00 A.M. A 3:00 P.M. | G6: Avenida Calle 19 N° 25 - 04 | H6: 6013821400 | I6: LUNES A VIERNES | J6: GESTIONATECH | K6: 46316 | L6: 46316 | M6: 19
A7: 260 | B7: BOGOTA - CORABASTOS | C7: Bogotá, D.C. | D7: Bogotá D.C | E7: BOGOTA | F7: DE LUNES A VIERNES DE 8:00 A.M. A 3:00 PM Y SABADO 8:00 A.M. A 12 P.M. | G7: Cra. 86 No. 24 A 19 Sur Local D | H7: 6013821400 | I7: LUNES A VIERNES Y SABADO | J7: GESTIONATECH | K7: 46308 | L7: 46309 | M7: 37
A8: 280 | B8: BOGOTA - CODABAS | C8: Bogotá, D.C. | D8: Bogotá D.C | E8: BOGOTA | F8: 7.00 A.M. A 2:00 PM | G8: Cra. 7a No. 180-71/75 módulo 1 local 29 | H8: 6013821400 | I8: LUNES A VIERNES | J8: GESTIONATECH | K8: 46297 | L8: 46297 | M8: 16
A9: 290 | B9: UBATE | C9: Ubate | D9: Cundinamarca | E9: BOGOTA | F9: 8:00 A.M. A 3:00 P.M. | G9: CLL 6 NO 5-04 CALLE 6 No. 6-02 | H9: 6013821400 | I9: LUNES A VIERNES | J9: GESTIONATECH | K9: 46273 | L9: 46273 | M9: 32
A10: 360 | B10: BOGOTÀ - CALLE CIEN | C10: Bogotá, D.C. | D10: Bogotá D.C | E10: BOGOTA | F10: 9:00 A.M. A 4:00 P.M. | G10: Calle 100 N°-49-13 Local 3B | H10: 6013821400 | I10: LUNES A VIERNES | J10: GESTIONATECH | K10: 46318 | L10: 46318 | M10: 23
A11: 590 | B11: BOGOTA - BARRIO RESTREPO | C11: Bogotá, D.C. | D11: Bogotá D.C | E11: BOGOTA | F11: 9:00 A.M. A 4:00 P.M. | G11: Cra.18 No.15-31/37/ 38 sur | H11: 6013821400 | I11: LUNES A VIERNES | J11: GESTIONATECH | K11: 46310 | L11: 46311 | M11: 32
A12: 700 | B12: LA CALERA | C12: La Calera | D12: Cundinamarca | E12: BOGOTA | F12: 8:00 A.M. A 3:00 P.M. | G12: Calle 7 No 3-40/46 | H12: 6013821400 | I12: LUNES A VIERNES | J12: GESTIONATECH | K12: 46280 | L12: 46280 | M12: 17
A13: 730 | B13: UNE | C13: Une | D13: Cundinamarca | E13: BOGOTA | F13: 8:00 A.M. A 3:00 P.M. | G13: Carrera 3 No 2-15 | H13: 6013821400 | I13: LUNES A VIERNES | J13: GESTIONATECH | K13: 46274 | L13: 46274 | M13: 14
... A797: 8665 | B797: TRINIDAD | C797: Trinidad | D797: Casanare | E797: ORIENTE | F797: 8:00 AM - 11:30 AM Y DE 02:00 PM - 04:30 PM | G797: CARRERA 4 No 6 -28 | H797: 6013821400 | I797: LUNES A VIERNES | J797: GESTIONATECH | K797: 46290 | L797: 46293 | M797: 20
A798: 1300 | B798: GERENCIA REGIONAL ANTIOQUIA | C798: Medellin | D798: Antioquia | E798: ANTIOQUIA | F798: 8:00 AM - 12:00 M Y DE 02:00 PM - 04:30 PM | I798: LUNES A VIERNES | J798: REGIONAL | K798: 46272 | L798: 46367 | M798: 154
A799: 3000 | B799: GERENCIA REGIONAL BOGOTA | C799: Bogotá, D.C. | D799: Cundinamarca | E799: BOGOTA | F799: 8:00 AM - 12:00 M Y DE 02:00 PM - 04:30 PM | I799: LUNES A VIERNES | J799: REGIONAL | K799: 46272 | L799: 46367 | M799: 122
A800: 1800 | B800: REGIONAL REGIONAL CAFETERA | C800: Manizales | D800: Caldas | E800: CAFETERA | F800: 8:00 AM - 12:00 M Y DE 02:00 PM - 04:30 PM | I800: LUNES A VIERNES | J800: REGIONAL | K800: 46272 | L800: 46367 | M800: 112
A801: 1600 | B801: REGIONAL REGIONAL COSTA | C801: Barranquilla | D801: Atlantico | E801: COSTA | F801: 8:00 AM - 12:00 M Y DE 02:00 PM - 04:30 PM | I801: LUNES A VIERNES | J801: REGIONAL | K801: 46272 | L801: 46367 | M801: 71
A802: 6900 | B802: REGIONAL REGIONAL OCCIDENTE | C802: Cali | D802: Valle del Cauca | E802: OCCIDENTE | F802: 8:00 AM - 12:00 M Y DE 02:00 PM - 04:30 PM | I802: LUNES A VIERNES | J802: REGIONAL | K802: 46272 | L802: 46367 | M802: 87
A803: 1500 | B803: REGIONAL REGIONAL ORIENTE | C803: Tunja | D803: Boyaca | E803: ORIENTE | F803: 8:00 AM - 12:00 M Y DE 02:00 PM - 04:30 PM | I803: LUNES A VIERNES | J803: REGIONAL | K803: 46272 | L803: 46367 | M803: 108
A804: 6000 | B804: REGIONAL REGIONAL SANTANDERES | C804: Bucaramanga | D804: Santander | E804: SANTANDERES | F804: 8:00 AM - 12:00 M Y DE 02:00 PM - 04:30 PM | I804: LUNES A VIERNES | J804: REGIONAL | K804: 46272 | L804: 46367 | M804: 83
A805: 3900 | B805: REGIONAL REGIONAL SUR | C805: Neiva | D805: Huila | E805: SUR | F805: 8:00 AM - 12:00 M Y DE 02:00 PM - 04:30 PM | I805: LUNES A VIERNES | J805: REGIONAL | K805: 46272 | L805: 46367 | M805: 106
A806: 9000 | B806: AVIANCA | C806: Bogotá, D.C. | D806: Cundinamarca | E806: DIRECCION GENERAL | F806: 8:00 AM - 12:00 M Y DE 02:00 PM - 04:30 PM | I806: LUNES A VIERNES | J806: GESTIONATECH | K806: 46266 | L806: 46367 | M806: 1525
A807: 1411 | B807: COA TOCANCIPA | C807: Tocancipa | D807: Cundinamarca | E807: COA | F807: 8:00 AM - 12:00 M Y DE 02:00 PM - 04:30 PM | I807: LUNES A VIERNES | J807: GESTIONATECH | K807: 46280 | L807: 46282 | M807: 66
A808: 9000 | B808: DIRECCION GENERAL | C808: Bogotá, D.C. | D808: Cundinamarca | E808: DIRECCION GENERAL | F808: 8:00 AM - 12:00 M Y DE 02:00 PM - 04:30 PM | I808: LUNES A VIERNES | J808: GESTIONATECH | K808: 46266 | L808: 46367 | M808: 1360
A809: 9000 | B809: SUDAMERIS | C809: Bogotá, D.C. | D809: Cundinamarca | E809: DIRECCION GENERAL | F809: 8:00 AM - 12:00 M Y DE 02:00 PM - 04:30 PM | I809: LUNES A VIERNES | J809: GESTIONATECH | K809: 46266 | L809: 46367 | M809: 46
A810: 1600 | B810: Jefatura de Operaciones Barranquilla | C810: Barranquilla | D810: Atlántico | E810: COSTA | J810: REGIONAL | K810: 46272 | L810: 46367
A811: 3000 | B811: Jefatura de Operaciones Bogotá COB | C811: Bogota | D811: Cundinamarca | E811: BOGOTA | J811: REGIONAL | K811: 46272 | L811: 46367
A812: 3000 | B812: Jefatura de Operaciones Villavicencio | C812: Villavicencio | D812: Meta | E812: BOGOTA | J812: REGIONAL | K812: 46272 | L812: 46367
A813: 1300 | B813: Jefatura de Operaciones Medellin COB | C813: Medellín | D813: Antioquia | E813: ANTIOQUIA | J813: REGIONAL | K813: 46272 | L813: 46367
A814: 1300 | B814: Jefatura de Operaciones Monteria | C814: Montería | D814: Córdoba | E814: ANTIOQUIA | J814: REGIONAL | K814: 46272 | L814: 46367
A815: 6900 | B815: Jefatura de Operaciones Cali COB | C815: Cali | D815: Valle del Cauca | E815: OCCIDENTE | J815: REGIONAL | K815: 46272 | L815: 46367
A816: 6900 | B816: Jefatura de Operaciones Pasto | C816: Pasto | D816: Nariño | E816: OCCIDENTE | J816: REGIONAL | K816: 46272 | L816: 46367
A817: 6900 | B817: Jefatura de Operaciones POPAYAN | C817: Popayán | D817: Cauca | E817: OCCIDENTE | J817: REGIONAL | K817: 46272 | L817: 46367
A818: 1600 | B818: Jefatura de Operaciones SINCELEJO | C818: Sincelejo | D818: Sucre | E818: COSTA | J818: REGIONAL | K818: 46272 | L818: 46367
A819: 1600 | B819: Jefatura de Operaciones Valledupar | C819: Valledupar | D819: Cesar | E819: COSTA | J819: REGIONAL | K819: 46272 | L819: 46367
A820: 1800 | B820: Jefatura de Operaciones Manizales COB | C820: Manizales | D820: Caldas | E820: CAFETERA | J820: REGIONAL | K820: 46272 | L820: 46367
A821: 1500 | B821: Jefatura de Operaciones Tunja COB | C821: Tunja | D821: Boyacá | E821: ORIENTE | J821: REGIONAL | K821: 46272 | L821: 46367
... A825: 3900 | B825: Jefatura de Operaciones IBAGUE | C825: Ibagué | D825: Tolima | E825: SUR | J825: REGIONAL | K825: 46272 | L825: 46367

Sheet Listas_Validacion
A1: LISTAS PARA VALIDACIÓN (no mover esta pestaña)
A2: REGIONES | C2: ESTADOS | E2: CAUSALES | G2: ESTATUS_ACTA | I2: TECNICO_CALIDAD
A3: ANTIOQUIA | C3: Programada | E3: N/A - A Tiempo | G3: Pendiente Firma | I3: PMU COLSOF
A4: ORIENTE | C4: En Proceso | E4: Repuesto Faltante | G4: Firmada
A5: COSTA | C5: Finalizada | E5: Director Oficina No Disponible
A6: SUR | C6: Reprogramada | E6: Clima
A7: OCCIDENTE | C7: Sede_Cerrada | E7: Falla Técnica
A8: SANTANDERES | C8: Cancelada | E8: Reprogramación Cliente
A9: CAFETERA | E9: Logística/Acceso
A10: BOGOTA
A11: DIRECCION GENERAL
A12: COA
